,quantile,revenus_menage_actif_positif,revenus_menage_actif_positif_nombre,revenus_menage_actif_positif_nombre_menages,n
0,1,0.0,3028366.0,2061391.5,94343
1,1,1.0,3530136.2,1592863.6,109800
2,2,0.0,1983197.0,1441048.6,54320
3,2,1.0,4591106.0,1748195.1,140095
4,3,0.0,1720130.5,1219308.1,45300
5,3,1.0,4854164.0,1942404.9,141667
6,4,0.0,1490625.8,1010282.0,38957
7,4,1.0,5083677.5,2207973.2,143534
8,5,0.0,1382614.9,943547.75,35994
9,5,1.0,5191676.5,2165483.8,143948
10,6,0.0,1271558.2,835615.8,32941
11,6,1.0,5302671.0,2142239.5,143909
12,7,0.0,1036961.56,683032.94,26346
13,7,1.0,5537384.0,2243785.2,146533
14,8,0.0,1048575.75,666289.75,26468
15,8,1.0,5525654.5,2237700.0,143199
16,9,0.0,1060314.1,647977.94,26492
17,9,1.0,5513996.0,2232166.8,140480
18,10,0.0,806475.94,504461.25,49254
19,10,1.0,5767866.0,2343493.2,443343
