,quantile,type_menage_nbenf,type_menage_nbenf_nombre,type_menage_nbenf_nombre_menages,n
0,1,0,2307173.0,2271929.8,67621
1,1,1,782743.4,391371.7,22286
2,1,2,2371657.5,586095.06,78603
3,1,3,1096928.4,404858.72,35633
4,2,0,1577851.4,1572339.6,42821
5,2,1,1058735.4,529367.7,28174
6,2,2,2988671.0,738485.7,93854
7,2,3,949045.06,349050.66,29566
8,3,0,1391454.2,1387814.5,37087
9,3,1,1282539.1,641269.56,33778
10,3,2,3012756.0,779988.6,89655
11,3,3,887545.2,352640.22,26447
12,4,0,1427499.5,1426180.5,37677
13,4,1,1342935.1,671467.56,35312
14,4,2,3124574.5,835063.7,89664
15,4,3,679293.8,285543.53,19838
16,5,0,1273304.4,1272558.5,33477
17,5,1,1397407.8,698703.9,36574
18,5,2,3448231.0,944469.44,96799
19,5,3,455348.28,193299.78,13092
20,6,0,1032832.1,1032594.8,26810
21,6,1,1577605.5,788802.75,41178
22,6,2,3661724.0,1026552.8,100358
23,6,3,302067.5,129904.86,8504
24,7,0,938098.06,937945.44,24080
25,7,1,1647424.9,823712.44,42052
26,7,2,3767385.8,1069287.2,100611
27,7,3,221436.95,95872.984,6136
28,8,0,841599.94,841559.2,21293
29,8,1,1850337.2,925168.6,46678
30,8,2,3713278.8,1062914.1,97011
31,8,3,169014.44,74347.734,4685
32,9,0,724366.2,724295.3,18048
33,9,1,2129069.0,1064534.5,53056
34,9,2,3573231.8,1027521.6,91671
35,9,3,147643.08,63793.305,4197
36,10,0,678324.9,678248.5,25623
37,10,1,2227932.8,1113966.4,219544
38,10,2,3524164.0,992491.9,226204
39,10,3,143920.64,63247.88,21226
