,quantile,type_age_menage,type_age_menage_nombre,type_age_menage_nombre_menages,n
0,1,0,1777229.5,1228376.1,57351
1,1,1,2119681.0,843709.1,69175
2,1,2,1636398.9,881188.9,49193
3,1,3,1025192.9,700981.1,28424
4,2,0,1068669.2,522553.28,33862
5,2,1,2220635.2,710464.75,69893
6,2,2,1435775.1,676040.3,41687
7,2,3,1849223.0,1280185.4,48973
8,3,0,1043205.75,536050.0,31543
9,3,1,2160886.0,715858.9,64804
10,3,2,1467302.6,672422.3,40976
11,3,3,1902900.2,1237381.9,49644
12,4,0,1155188.0,655606.06,33601
13,4,1,2141645.0,771289.3,61956
14,4,2,1501774.2,702314.8,40849
15,4,3,1775695.9,1089045.1,46085
16,5,0,1087359.8,573542.8,31030
17,5,1,2202324.5,765738.0,62699
18,5,2,1563140.8,721394.06,41896
19,5,3,1721466.2,1048356.7,44317
20,6,0,1026172.5,506673.78,28589
21,6,1,2178346.0,747835.25,61042
22,6,2,1704388.1,753783.25,44636
23,6,3,1665322.8,969563.0,42583
24,7,0,1010414.6,498333.03,27455
25,7,1,2173696.0,752072.2,59693
26,7,2,1913620.8,835289.56,48735
27,7,3,1476614.4,841123.25,36996
28,8,0,834728.3,415618.25,22006
29,8,1,2127132.0,740489.6,57579
30,8,2,2115636.8,912688.94,53053
31,8,3,1496733.1,835192.8,37029
32,9,0,716459.94,354241.9,18311
33,9,1,2052140.5,717211.44,54744
34,9,2,2287740.0,975237.7,56508
35,9,3,1517969.8,833453.7,37409
36,10,0,495008.6,243204.36,20659
37,10,1,2000077.6,700498.3,108219
38,10,2,2704817.8,1145094.2,237828
39,10,3,1374438.4,759157.7,125891
