region,carburant,annee,prix_moyen_par_hectolitre
82,Gazole,2007,110.12
82,Gazole,2008,128.43
82,Gazole,2009,101.39
82,Gazole,2010,116.41
82,Gazole,2011,134.98
82,Gazole,2012,140.56
82,Gazole,2013,136.38
82,Gazole,2014,131.49
82,Gazole,2015,117.74
82,Gazole,2016,
82,Gazole,2017,
82,Gazole,2018,
82,Gazole,2019,
82,Gazole,2020,
82,Gazole,2021,
82,Gazole,2022,
82,SP95,2007,128.49
82,SP95,2008,137.69
82,SP95,2009,122.92
82,SP95,2010,137.0
82,SP95,2011,151.98
82,SP95,2012,158.8
82,SP95,2013,156.49
82,SP95,2014,151.44
82,SP95,2015,138.05
82,SP95,2016,
82,SP95,2017,
82,SP95,2018,
82,SP95,2019,
82,SP95,2020,
82,SP95,2021,
82,SP95,2022,
82,GPLc,2007,73.86
82,GPLc,2008,75.84
82,GPLc,2009,66.28
82,GPLc,2010,74.66
82,GPLc,2011,84.64
82,GPLc,2012,87.82
82,GPLc,2013,88.32
82,GPLc,2014,87.31
82,GPLc,2015,80.13
82,GPLc,2016,
82,GPLc,2017,
82,GPLc,2018,
82,GPLc,2019,
82,GPLc,2020,
82,GPLc,2021,
82,GPLc,2022,
82,E85,2007,83.04
82,E85,2008,89.34
82,E85,2009,95.05
82,E85,2010,108.88
82,E85,2011,90.59
82,E85,2012,93.92
82,E85,2013,94.96
82,E85,2014,92.83
82,E85,2015,94.17
82,E85,2016,
82,E85,2017,
82,E85,2018,
82,E85,2019,
82,E85,2020,
82,E85,2021,
82,E85,2022,
82,E10,2009,123.75
82,E10,2010,135.51
82,E10,2011,150.13
82,E10,2012,156.45
82,E10,2013,154.73
82,E10,2014,149.95
82,E10,2015,136.78
82,E10,2016,
82,E10,2017,
82,E10,2018,
82,E10,2019,
82,E10,2020,
82,E10,2021,
82,E10,2022,
82,SP98,2013,158.39
82,SP98,2014,156.28
82,SP98,2015,142.78
82,SP98,2016,
82,SP98,2017,
82,SP98,2018,
82,SP98,2019,
82,SP98,2020,
82,SP98,2021,
82,SP98,2022,
22,Gazole,2007,109.44
22,Gazole,2008,127.2
22,Gazole,2009,100.44
22,Gazole,2010,115.4
22,Gazole,2011,135.4
22,Gazole,2012,141.45
22,Gazole,2013,137.09
22,Gazole,2014,130.11
22,Gazole,2015,116.28
22,Gazole,2016,
22,Gazole,2017,
22,Gazole,2018,
22,Gazole,2019,
22,Gazole,2020,
22,Gazole,2021,
22,Gazole,2022,
22,SP95,2007,129.29
22,SP95,2008,137.12
22,SP95,2009,120.76
22,SP95,2010,134.95
22,SP95,2011,150.65
22,SP95,2012,158.23
22,SP95,2013,155.6
22,SP95,2014,149.77
22,SP95,2015,136.65
22,SP95,2016,
22,SP95,2017,
22,SP95,2018,
22,SP95,2019,
22,SP95,2020,
22,SP95,2021,
22,SP95,2022,
22,E85,2007,81.5
22,E85,2008,83.09
22,E85,2009,87.63
22,E85,2010,96.89
22,E85,2011,88.33
22,E85,2012,92.38
22,E85,2013,91.38
22,E85,2014,84.66
22,E85,2015,76.63
22,E85,2016,
22,E85,2017,
22,E85,2018,
22,E85,2019,
22,E85,2020,
22,E85,2021,
22,E85,2022,
22,GPLc,2007,72.8
22,GPLc,2008,76.2
22,GPLc,2009,65.83
22,GPLc,2010,73.63
22,GPLc,2011,82.96
22,GPLc,2012,88.45
22,GPLc,2013,89.24
22,GPLc,2014,87.44
22,GPLc,2015,80.58
22,GPLc,2016,
22,GPLc,2017,
22,GPLc,2018,
22,GPLc,2019,
22,GPLc,2020,
22,GPLc,2021,
22,GPLc,2022,
22,E10,2009,125.84
22,E10,2010,137.15
22,E10,2011,152.5
22,E10,2012,158.19
22,E10,2013,154.9
22,E10,2014,149.37
22,E10,2015,136.34
22,E10,2016,
22,E10,2017,
22,E10,2018,
22,E10,2019,
22,E10,2020,
22,E10,2021,
22,E10,2022,
22,SP98,2013,158.44
22,SP98,2014,154.83
22,SP98,2015,141.78
22,SP98,2016,
22,SP98,2017,
22,SP98,2018,
22,SP98,2019,
22,SP98,2020,
22,SP98,2021,
22,SP98,2022,
83,Gazole,2007,111.58
83,Gazole,2008,129.97
83,Gazole,2009,102.9
83,Gazole,2010,117.75
83,Gazole,2011,137.59
83,Gazole,2012,143.17
83,Gazole,2013,138.62
83,Gazole,2014,131.88
83,Gazole,2015,117.82
83,Gazole,2016,
83,Gazole,2017,
83,Gazole,2018,
83,Gazole,2019,
83,Gazole,2020,
83,Gazole,2021,
83,Gazole,2022,
83,SP95,2007,130.24
83,SP95,2008,139.43
83,SP95,2009,124.45
83,SP95,2010,138.81
83,SP95,2011,154.54
83,SP95,2012,161.52
83,SP95,2013,158.83
83,SP95,2014,153.07
83,SP95,2015,138.68
83,SP95,2016,
83,SP95,2017,
83,SP95,2018,
83,SP95,2019,
83,SP95,2020,
83,SP95,2021,
83,SP95,2022,
83,GPLc,2007,72.78
83,GPLc,2008,75.5
83,GPLc,2009,65.91
83,GPLc,2010,72.94
83,GPLc,2011,80.9
83,GPLc,2012,85.85
83,GPLc,2013,86.0
83,GPLc,2014,84.85
83,GPLc,2015,78.78
83,GPLc,2016,
83,GPLc,2017,
83,GPLc,2018,
83,GPLc,2019,
83,GPLc,2020,
83,GPLc,2021,
83,GPLc,2022,
83,E85,2007,84.0
83,E85,2008,84.91
83,E85,2009,92.69
83,E85,2010,133.89
83,E85,2011,82.8
83,E85,2012,86.2
83,E85,2013,91.19
83,E85,2014,80.67
83,E85,2015,91.42
83,E85,2016,
83,E85,2017,
83,E85,2018,
83,E85,2019,
83,E85,2020,
83,E85,2021,
83,E85,2022,
83,E10,2009,119.75
83,E10,2010,135.17
83,E10,2011,150.62
83,E10,2012,156.8
83,E10,2013,154.59
83,E10,2014,148.88
83,E10,2015,136.05
83,E10,2016,
83,E10,2017,
83,E10,2018,
83,E10,2019,
83,E10,2020,
83,E10,2021,
83,E10,2022,
83,SP98,2013,159.97
83,SP98,2014,156.29
83,SP98,2015,142.57
83,SP98,2016,
83,SP98,2017,
83,SP98,2018,
83,SP98,2019,
83,SP98,2020,
83,SP98,2021,
83,SP98,2022,
93,Gazole,2007,110.48
93,Gazole,2008,129.16
93,Gazole,2009,101.95
93,Gazole,2010,116.7
93,Gazole,2011,135.44
93,Gazole,2012,142.81
93,Gazole,2013,138.29
93,Gazole,2014,132.08
93,Gazole,2015,118.12
93,Gazole,2016,113.61
93,Gazole,2017,126.15
93,Gazole,2018,146.75
93,Gazole,2019,146.84
93,Gazole,2020,129.56
93,Gazole,2021,145.73
93,Gazole,2022,188.0
93,SP95,2007,128.75
93,SP95,2008,138.1
93,SP95,2009,123.0
93,SP95,2010,137.22
93,SP95,2011,152.31
93,SP95,2012,159.84
93,SP95,2013,157.64
93,SP95,2014,152.29
93,SP95,2015,138.9
93,SP95,2016,133.85
93,SP95,2017,141.61
93,SP95,2018,154.53
93,SP95,2019,153.84
93,SP95,2020,141.15
93,SP95,2021,158.05
93,SP95,2022,190.0
93,GPLc,2007,73.82
93,GPLc,2008,76.32
93,GPLc,2009,66.15
93,GPLc,2010,72.54
93,GPLc,2011,83.82
93,GPLc,2012,87.45
93,GPLc,2013,88.1
93,GPLc,2014,86.66
93,GPLc,2015,80.5
93,GPLc,2016,71.83
93,GPLc,2017,75.55
93,GPLc,2018,83.49
93,GPLc,2019,87.39
93,GPLc,2020,86.6
93,GPLc,2021,86.96
93,GPLc,2022,89.0
93,E85,2007,81.43
93,E85,2008,86.0
93,E85,2009,93.88
93,E85,2010,105.24
93,E85,2011,92.55
93,E85,2012,92.81
93,E85,2013,93.98
93,E85,2014,90.3
93,E85,2015,86.42
93,E85,2016,79.87
93,E85,2017,71.32
93,E85,2018,71.46
93,E85,2019,68.15
93,E85,2020,68.38
93,E85,2021,70.8
93,E85,2022,82.0
93,E10,2009,124.39
93,E10,2010,135.03
93,E10,2011,149.37
93,E10,2012,157.01
93,E10,2013,154.93
93,E10,2014,149.65
93,E10,2015,136.33
93,E10,2016,129.67
93,E10,2017,136.85
93,E10,2018,149.81
93,E10,2019,149.69
93,E10,2020,136.32
93,E10,2021,154.95
93,E10,2022,185.0
93,SP98,2013,159.53
93,SP98,2014,156.71
93,SP98,2015,143.34
93,SP98,2016,138.37
93,SP98,2017,146.49
93,SP98,2018,159.64
93,SP98,2019,158.76
93,SP98,2020,145.61
93,SP98,2021,164.22
93,SP98,2022,195.0
73,Gazole,2007,110.9
73,Gazole,2008,129.03
73,Gazole,2009,101.88
73,Gazole,2010,116.93
73,Gazole,2011,136.64
73,Gazole,2012,142.58
73,Gazole,2013,138.35
73,Gazole,2014,131.57
73,Gazole,2015,117.76
73,Gazole,2016,
73,Gazole,2017,
73,Gazole,2018,
73,Gazole,2019,
73,Gazole,2020,
73,Gazole,2021,
73,Gazole,2022,
73,SP95,2007,129.75
73,SP95,2008,138.94
73,SP95,2009,123.93
73,SP95,2010,138.33
73,SP95,2011,154.21
73,SP95,2012,160.89
73,SP95,2013,158.27
73,SP95,2014,152.31
73,SP95,2015,138.77
73,SP95,2016,
73,SP95,2017,
73,SP95,2018,
73,SP95,2019,
73,SP95,2020,
73,SP95,2021,
73,SP95,2022,
73,GPLc,2007,72.33
73,GPLc,2008,74.31
73,GPLc,2009,65.6
73,GPLc,2010,71.21
73,GPLc,2011,80.88
73,GPLc,2012,86.44
73,GPLc,2013,87.07
73,GPLc,2014,85.22
73,GPLc,2015,79.59
73,GPLc,2016,
73,GPLc,2017,
73,GPLc,2018,
73,GPLc,2019,
73,GPLc,2020,
73,GPLc,2021,
73,GPLc,2022,
73,E85,2007,82.61
73,E85,2008,86.86
73,E85,2009,91.28
73,E85,2010,97.37
73,E85,2011,91.04
73,E85,2012,94.47
73,E85,2013,95.73
73,E85,2014,91.2
73,E85,2015,87.22
73,E85,2016,
73,E85,2017,
73,E85,2018,
73,E85,2019,
73,E85,2020,
73,E85,2021,
73,E85,2022,
73,E10,2009,122.75
73,E10,2010,134.08
73,E10,2011,151.84
73,E10,2012,157.88
73,E10,2013,155.78
73,E10,2014,149.78
73,E10,2015,136.41
73,E10,2016,
73,E10,2017,
73,E10,2018,
73,E10,2019,
73,E10,2020,
73,E10,2021,
73,E10,2022,
73,SP98,2013,160.15
73,SP98,2014,156.44
73,SP98,2015,142.92
73,SP98,2016,
73,SP98,2017,
73,SP98,2018,
73,SP98,2019,
73,SP98,2020,
73,SP98,2021,
73,SP98,2022,
21,Gazole,2007,110.23
21,Gazole,2008,128.17
21,Gazole,2009,101.24
21,Gazole,2010,116.17
21,Gazole,2011,136.43
21,Gazole,2012,142.39
21,Gazole,2013,137.46
21,Gazole,2014,131.09
21,Gazole,2015,117.06
21,Gazole,2016,
21,Gazole,2017,
21,Gazole,2018,
21,Gazole,2019,
21,Gazole,2020,
21,Gazole,2021,
21,Gazole,2022,
21,SP95,2007,129.65
21,SP95,2008,138.12
21,SP95,2009,122.68
21,SP95,2010,136.77
21,SP95,2011,152.6
21,SP95,2012,159.62
21,SP95,2013,156.25
21,SP95,2014,151.36
21,SP95,2015,137.88
21,SP95,2016,
21,SP95,2017,
21,SP95,2018,
21,SP95,2019,
21,SP95,2020,
21,SP95,2021,
21,SP95,2022,
21,E85,2007,80.52
21,E85,2008,82.58
21,E85,2009,90.27
21,E85,2010,96.89
21,E85,2011,87.73
21,E85,2012,90.95
21,E85,2013,88.1
21,E85,2014,83.57
21,E85,2015,78.94
21,E85,2016,
21,E85,2017,
21,E85,2018,
21,E85,2019,
21,E85,2020,
21,E85,2021,
21,E85,2022,
21,GPLc,2007,72.75
21,GPLc,2008,75.24
21,GPLc,2009,65.28
21,GPLc,2010,75.47
21,GPLc,2011,82.76
21,GPLc,2012,88.27
21,GPLc,2013,87.31
21,GPLc,2014,84.4
21,GPLc,2015,80.63
21,GPLc,2016,
21,GPLc,2017,
21,GPLc,2018,
21,GPLc,2019,
21,GPLc,2020,
21,GPLc,2021,
21,GPLc,2022,
21,E10,2009,124.76
21,E10,2010,136.15
21,E10,2011,151.71
21,E10,2012,157.17
21,E10,2013,153.93
21,E10,2014,149.11
21,E10,2015,135.72
21,E10,2016,
21,E10,2017,
21,E10,2018,
21,E10,2019,
21,E10,2020,
21,E10,2021,
21,E10,2022,
21,SP98,2013,158.93
21,SP98,2014,155.8
21,SP98,2015,142.45
21,SP98,2016,
21,SP98,2017,
21,SP98,2018,
21,SP98,2019,
21,SP98,2020,
21,SP98,2021,
21,SP98,2022,
91,Gazole,2007,110.17
91,Gazole,2008,128.51
91,Gazole,2009,101.12
91,Gazole,2010,116.1
91,Gazole,2011,135.99
91,Gazole,2012,141.93
91,Gazole,2013,137.68
91,Gazole,2014,131.17
91,Gazole,2015,117.26
91,Gazole,2016,
91,Gazole,2017,
91,Gazole,2018,
91,Gazole,2019,
91,Gazole,2020,
91,Gazole,2021,
91,Gazole,2022,
91,SP95,2007,129.19
91,SP95,2008,138.28
91,SP95,2009,123.07
91,SP95,2010,137.5
91,SP95,2011,153.15
91,SP95,2012,160.31
91,SP95,2013,157.7
91,SP95,2014,151.95
91,SP95,2015,138.31
91,SP95,2016,
91,SP95,2017,
91,SP95,2018,
91,SP95,2019,
91,SP95,2020,
91,SP95,2021,
91,SP95,2022,
91,GPLc,2007,72.96
91,GPLc,2008,74.77
91,GPLc,2009,65.5
91,GPLc,2010,71.5
91,GPLc,2011,82.86
91,GPLc,2012,87.89
91,GPLc,2013,88.94
91,GPLc,2014,87.07
91,GPLc,2015,80.97
91,GPLc,2016,
91,GPLc,2017,
91,GPLc,2018,
91,GPLc,2019,
91,GPLc,2020,
91,GPLc,2021,
91,GPLc,2022,
91,E85,2007,82.88
91,E85,2008,86.88
91,E85,2009,94.75
91,E85,2010,107.75
91,E85,2011,92.83
91,E85,2012,92.2
91,E85,2013,95.0
91,E85,2014,93.33
91,E85,2015,88.57
91,E85,2016,
91,E85,2017,
91,E85,2018,
91,E85,2019,
91,E85,2020,
91,E85,2021,
91,E85,2022,
91,E10,2009,124.18
91,E10,2010,134.78
91,E10,2011,149.3
91,E10,2012,156.04
91,E10,2013,154.77
91,E10,2014,149.01
91,E10,2015,135.81
91,E10,2016,
91,E10,2017,
91,E10,2018,
91,E10,2019,
91,E10,2020,
91,E10,2021,
91,E10,2022,
91,SP98,2013,159.18
91,SP98,2014,155.83
91,SP98,2015,142.51
91,SP98,2016,
91,SP98,2017,
91,SP98,2018,
91,SP98,2019,
91,SP98,2020,
91,SP98,2021,
91,SP98,2022,
24,Gazole,2007,109.65
24,Gazole,2008,127.12
24,Gazole,2009,100.47
24,Gazole,2010,115.56
24,Gazole,2011,134.94
24,Gazole,2012,141.23
24,Gazole,2013,136.98
24,Gazole,2014,130.09
24,Gazole,2015,116.03
24,Gazole,2016,111.75
24,Gazole,2017,124.15
24,Gazole,2018,144.46
24,Gazole,2019,145.06
24,Gazole,2020,127.29
24,Gazole,2021,144.18
24,Gazole,2022,187.0
24,SP95,2007,129.37
24,SP95,2008,137.16
24,SP95,2009,121.66
24,SP95,2010,135.19
24,SP95,2011,150.62
24,SP95,2012,158.16
24,SP95,2013,155.21
24,SP95,2014,149.8
24,SP95,2015,136.46
24,SP95,2016,131.52
24,SP95,2017,139.1
24,SP95,2018,151.81
24,SP95,2019,151.95
24,SP95,2020,137.25
24,SP95,2021,156.32
24,SP95,2022,190.0
24,GPLc,2007,73.52
24,GPLc,2008,76.58
24,GPLc,2009,67.39
24,GPLc,2010,75.31
24,GPLc,2011,83.95
24,GPLc,2012,87.6
24,GPLc,2013,88.66
24,GPLc,2014,87.36
24,GPLc,2015,81.3
24,GPLc,2016,74.38
24,GPLc,2017,75.69
24,GPLc,2018,85.07
24,GPLc,2019,88.33
24,GPLc,2020,88.45
24,GPLc,2021,89.84
24,GPLc,2022,90.0
24,E85,2007,81.99
24,E85,2008,84.9
24,E85,2009,93.13
24,E85,2010,116.5
24,E85,2011,88.84
24,E85,2012,92.27
24,E85,2013,93.71
24,E85,2014,87.88
24,E85,2015,87.59
24,E85,2016,76.46
24,E85,2017,70.96
24,E85,2018,69.24
24,E85,2019,66.04
24,E85,2020,65.09
24,E85,2021,67.74
24,E85,2022,81.0
24,E10,2009,124.41
24,E10,2010,137.92
24,E10,2011,151.5
24,E10,2012,156.4
24,E10,2013,154.09
24,E10,2014,148.45
24,E10,2015,135.05
24,E10,2016,128.98
24,E10,2017,136.11
24,E10,2018,149.04
24,E10,2019,149.34
24,E10,2020,134.89
24,E10,2021,153.82
24,E10,2022,186.0
24,SP98,2013,157.74
24,SP98,2014,154.4
24,SP98,2015,141.13
24,SP98,2016,136.32
24,SP98,2017,143.95
24,SP98,2018,156.85
24,SP98,2019,157.11
24,SP98,2020,142.22
24,SP98,2021,162.0
24,SP98,2022,195.0
25,Gazole,2007,109.39
25,Gazole,2008,127.08
25,Gazole,2009,100.72
25,Gazole,2010,115.71
25,Gazole,2011,135.17
25,Gazole,2012,141.3
25,Gazole,2013,136.84
25,Gazole,2014,129.88
25,Gazole,2015,116.33
25,Gazole,2016,
25,Gazole,2017,
25,Gazole,2018,
25,Gazole,2019,
25,Gazole,2020,
25,Gazole,2021,
25,Gazole,2022,
25,SP95,2007,128.87
25,SP95,2008,136.92
25,SP95,2009,122.07
25,SP95,2010,136.35
25,SP95,2011,151.65
25,SP95,2012,159.44
25,SP95,2013,155.49
25,SP95,2014,150.16
25,SP95,2015,137.07
25,SP95,2016,
25,SP95,2017,
25,SP95,2018,
25,SP95,2019,
25,SP95,2020,
25,SP95,2021,
25,SP95,2022,
25,GPLc,2007,73.34
25,GPLc,2008,76.07
25,GPLc,2009,66.61
25,GPLc,2010,73.28
25,GPLc,2011,84.99
25,GPLc,2012,87.32
25,GPLc,2013,87.2
25,GPLc,2014,85.9
25,GPLc,2015,78.89
25,GPLc,2016,
25,GPLc,2017,
25,GPLc,2018,
25,GPLc,2019,
25,GPLc,2020,
25,GPLc,2021,
25,GPLc,2022,
25,E85,2007,82.14
25,E85,2008,82.38
25,E85,2009,102.06
25,E85,2010,109.44
25,E85,2011,89.58
25,E85,2012,91.92
25,E85,2013,90.13
25,E85,2014,83.46
25,E85,2015,85.22
25,E85,2016,
25,E85,2017,
25,E85,2018,
25,E85,2019,
25,E85,2020,
25,E85,2021,
25,E85,2022,
25,E10,2009,122.9
25,E10,2010,134.35
25,E10,2011,150.33
25,E10,2012,156.21
25,E10,2013,154.06
25,E10,2014,148.77
25,E10,2015,136.03
25,E10,2016,
25,E10,2017,
25,E10,2018,
25,E10,2019,
25,E10,2020,
25,E10,2021,
25,E10,2022,
25,SP98,2013,158.18
25,SP98,2014,154.93
25,SP98,2015,142.1
25,SP98,2016,
25,SP98,2017,
25,SP98,2018,
25,SP98,2019,
25,SP98,2020,
25,SP98,2021,
25,SP98,2022,
54,Gazole,2007,108.3
54,Gazole,2008,125.6
54,Gazole,2009,99.27
54,Gazole,2010,113.72
54,Gazole,2011,131.82
54,Gazole,2012,138.18
54,Gazole,2013,133.66
54,Gazole,2014,126.74
54,Gazole,2015,113.12
54,Gazole,2016,
54,Gazole,2017,
54,Gazole,2018,
54,Gazole,2019,
54,Gazole,2020,
54,Gazole,2021,
54,Gazole,2022,
54,SP95,2007,127.78
54,SP95,2008,135.5
54,SP95,2009,120.73
54,SP95,2010,134.16
54,SP95,2011,148.43
54,SP95,2012,156.55
54,SP95,2013,153.32
54,SP95,2014,148.05
54,SP95,2015,135.08
54,SP95,2016,
54,SP95,2017,
54,SP95,2018,
54,SP95,2019,
54,SP95,2020,
54,SP95,2021,
54,SP95,2022,
54,E85,2007,80.97
54,E85,2008,84.14
54,E85,2009,97.22
54,E85,2010,109.11
54,E85,2011,92.32
54,E85,2012,95.39
54,E85,2013,89.55
54,E85,2014,88.7
54,E85,2015,80.82
54,E85,2016,
54,E85,2017,
54,E85,2018,
54,E85,2019,
54,E85,2020,
54,E85,2021,
54,E85,2022,
54,GPLc,2007,69.15
54,GPLc,2008,71.68
54,GPLc,2009,63.45
54,GPLc,2010,70.21
54,GPLc,2011,80.68
54,GPLc,2012,84.18
54,GPLc,2013,84.0
54,GPLc,2014,82.7
54,GPLc,2015,76.65
54,GPLc,2016,
54,GPLc,2017,
54,GPLc,2018,
54,GPLc,2019,
54,GPLc,2020,
54,GPLc,2021,
54,GPLc,2022,
54,E10,2009,125.46
54,E10,2010,136.14
54,E10,2011,149.61
54,E10,2012,153.55
54,E10,2013,150.84
54,E10,2014,144.63
54,E10,2015,131.59
54,E10,2016,
54,E10,2017,
54,E10,2018,
54,E10,2019,
54,E10,2020,
54,E10,2021,
54,E10,2022,
54,SP98,2013,154.59
54,SP98,2014,151.16
54,SP98,2015,138.73
54,SP98,2016,
54,SP98,2017,
54,SP98,2018,
54,SP98,2019,
54,SP98,2020,
54,SP98,2021,
54,SP98,2022,
74,Gazole,2007,111.12
74,Gazole,2008,128.67
74,Gazole,2009,101.7
74,Gazole,2010,116.62
74,Gazole,2011,136.46
74,Gazole,2012,142.79
74,Gazole,2013,138.34
74,Gazole,2014,131.73
74,Gazole,2015,117.99
74,Gazole,2016,
74,Gazole,2017,
74,Gazole,2018,
74,Gazole,2019,
74,Gazole,2020,
74,Gazole,2021,
74,Gazole,2022,
74,SP95,2007,131.49
74,SP95,2008,139.15
74,SP95,2009,123.95
74,SP95,2010,137.8
74,SP95,2011,153.58
74,SP95,2012,161.45
74,SP95,2013,157.8
74,SP95,2014,152.72
74,SP95,2015,139.16
74,SP95,2016,
74,SP95,2017,
74,SP95,2018,
74,SP95,2019,
74,SP95,2020,
74,SP95,2021,
74,SP95,2022,
74,GPLc,2007,73.85
74,GPLc,2008,77.61
74,GPLc,2009,66.25
74,GPLc,2010,72.85
74,GPLc,2011,84.76
74,GPLc,2012,87.38
74,GPLc,2013,87.11
74,GPLc,2014,87.86
74,GPLc,2015,81.92
74,GPLc,2016,
74,GPLc,2017,
74,GPLc,2018,
74,GPLc,2019,
74,GPLc,2020,
74,GPLc,2021,
74,GPLc,2022,
74,E85,2007,85.0
74,E85,2008,86.92
74,E85,2009,100.73
74,E85,2010,124.66
74,E85,2011,94.95
74,E85,2012,95.0
74,E85,2013,93.04
74,E85,2014,92.62
74,E85,2015,110.23
74,E85,2016,
74,E85,2017,
74,E85,2018,
74,E85,2019,
74,E85,2020,
74,E85,2021,
74,E85,2022,
74,E10,2009,125.89
74,E10,2010,138.79
74,E10,2011,152.84
74,E10,2012,159.52
74,E10,2013,156.05
74,E10,2014,150.74
74,E10,2015,137.29
74,E10,2016,
74,E10,2017,
74,E10,2018,
74,E10,2019,
74,E10,2020,
74,E10,2021,
74,E10,2022,
74,SP98,2013,160.36
74,SP98,2014,156.41
74,SP98,2015,143.45
74,SP98,2016,
74,SP98,2017,
74,SP98,2018,
74,SP98,2019,
74,SP98,2020,
74,SP98,2021,
74,SP98,2022,
94,Gazole,2007,117.03
94,Gazole,2008,135.22
94,Gazole,2009,109.01
94,Gazole,2010,122.27
94,Gazole,2011,140.54
94,Gazole,2012,148.3
94,Gazole,2013,144.74
94,Gazole,2014,138.46
94,Gazole,2015,125.39
94,Gazole,2016,120.72
94,Gazole,2017,134.32
94,Gazole,2018,154.25
94,Gazole,2019,154.47
94,Gazole,2020,140.28
94,Gazole,2021,155.04
94,Gazole,2022,191.0
94,SP95,2007,133.6
94,SP95,2008,142.07
94,SP95,2009,127.62
94,SP95,2010,141.02
94,SP95,2011,156.79
94,SP95,2012,165.36
94,SP95,2013,163.59
94,SP95,2014,157.73
94,SP95,2015,144.64
94,SP95,2016,139.65
94,SP95,2017,150.14
94,SP95,2018,162.73
94,SP95,2019,162.23
94,SP95,2020,148.65
94,SP95,2021,165.67
94,SP95,2022,194.0
94,GPLc,2007,80.17
94,GPLc,2008,84.38
94,GPLc,2009,78.68
94,GPLc,2010,81.26
94,GPLc,2011,89.06
94,GPLc,2012,93.35
94,GPLc,2013,102.79
94,GPLc,2014,101.75
94,GPLc,2015,102.32
94,GPLc,2016,101.17
94,GPLc,2017,101.48
94,GPLc,2018,104.85
94,GPLc,2019,110.35
94,GPLc,2020,111.06
94,GPLc,2021,111.49
94,GPLc,2022,116.0
94,E85,2008,100.0
94,E85,2009,133.22
94,E85,2010,135.85
94,E85,2011,79.37
94,E85,2012,86.0
94,E85,2013,
94,E85,2014,
94,E85,2015,129.45
94,E85,2016,137.78
94,E85,2017,100.0
94,E85,2018,157.15
94,E85,2019,162.67
94,E85,2020,106.52
94,E85,2021,135.04
94,E85,2022,199.0
94,E10,2011,161.9
94,E10,2012,144.74
94,E10,2013,161.84
94,E10,2014,158.58
94,E10,2015,153.5
94,E10,2016,122.1
94,E10,2017,147.0
94,E10,2018,167.87
94,E10,2019,165.14
94,E10,2020,157.57
94,E10,2021,162.08
94,E10,2022,191.0
94,SP98,2014,151.8
94,SP98,2015,132.86
94,SP98,2016,
94,SP98,2017,154.5
94,SP98,2018,
94,SP98,2019,164.0
94,SP98,2020,147.0
94,SP98,2021,159.33
94,SP98,2022,
26,Gazole,2007,109.98
26,Gazole,2008,128.21
26,Gazole,2009,101.39
26,Gazole,2010,116.37
26,Gazole,2011,136.53
26,Gazole,2012,142.44
26,Gazole,2013,138.02
26,Gazole,2014,131.71
26,Gazole,2015,117.68
26,Gazole,2016,
26,Gazole,2017,
26,Gazole,2018,
26,Gazole,2019,
26,Gazole,2020,
26,Gazole,2021,
26,Gazole,2022,
26,SP95,2007,128.64
26,SP95,2008,137.96
26,SP95,2009,123.13
26,SP95,2010,137.08
26,SP95,2011,152.66
26,SP95,2012,159.81
26,SP95,2013,156.84
26,SP95,2014,151.41
26,SP95,2015,137.59
26,SP95,2016,
26,SP95,2017,
26,SP95,2018,
26,SP95,2019,
26,SP95,2020,
26,SP95,2021,
26,SP95,2022,
26,GPLc,2007,74.8
26,GPLc,2008,76.52
26,GPLc,2009,67.57
26,GPLc,2010,73.34
26,GPLc,2011,85.31
26,GPLc,2012,88.71
26,GPLc,2013,89.56
26,GPLc,2014,87.8
26,GPLc,2015,81.76
26,GPLc,2016,
26,GPLc,2017,
26,GPLc,2018,
26,GPLc,2019,
26,GPLc,2020,
26,GPLc,2021,
26,GPLc,2022,
26,E85,2007,79.9
26,E85,2008,81.75
26,E85,2009,95.26
26,E85,2010,118.53
26,E85,2011,88.26
26,E85,2012,91.86
26,E85,2013,90.7
26,E85,2014,87.64
26,E85,2015,102.39
26,E85,2016,
26,E85,2017,
26,E85,2018,
26,E85,2019,
26,E85,2020,
26,E85,2021,
26,E85,2022,
26,E10,2009,124.11
26,E10,2010,137.18
26,E10,2011,153.14
26,E10,2012,158.21
26,E10,2013,155.6
26,E10,2014,150.2
26,E10,2015,137.1
26,E10,2016,
26,E10,2017,
26,E10,2018,
26,E10,2019,
26,E10,2020,
26,E10,2021,
26,E10,2022,
26,SP98,2013,159.2
26,SP98,2014,155.95
26,SP98,2015,142.56
26,SP98,2016,
26,SP98,2017,
26,SP98,2018,
26,SP98,2019,
26,SP98,2020,
26,SP98,2021,
26,SP98,2022,
53,Gazole,2007,108.94
53,Gazole,2008,126.49
53,Gazole,2009,99.9
53,Gazole,2010,114.95
53,Gazole,2011,134.6
53,Gazole,2012,140.67
53,Gazole,2013,136.1
53,Gazole,2014,129.26
53,Gazole,2015,115.32
53,Gazole,2016,110.49
53,Gazole,2017,122.62
53,Gazole,2018,142.84
53,Gazole,2019,143.34
53,Gazole,2020,125.11
53,Gazole,2021,142.18
53,Gazole,2022,184.0
53,SP95,2007,128.54
53,SP95,2008,136.98
53,SP95,2009,122.34
53,SP95,2010,136.3
53,SP95,2011,151.65
53,SP95,2012,159.01
53,SP95,2013,155.82
53,SP95,2014,150.26
53,SP95,2015,137.01
53,SP95,2016,131.73
53,SP95,2017,138.53
53,SP95,2018,151.0
53,SP95,2019,151.35
53,SP95,2020,136.46
53,SP95,2021,154.95
53,SP95,2022,188.0
53,GPLc,2007,72.53
53,GPLc,2008,74.55
53,GPLc,2009,64.52
53,GPLc,2010,71.38
53,GPLc,2011,81.79
53,GPLc,2012,84.69
53,GPLc,2013,85.05
53,GPLc,2014,83.11
53,GPLc,2015,77.22
53,GPLc,2016,67.77
53,GPLc,2017,72.5
53,GPLc,2018,80.57
53,GPLc,2019,84.47
53,GPLc,2020,81.93
53,GPLc,2021,85.25
53,GPLc,2022,88.0
53,E85,2007,81.94
53,E85,2008,83.0
53,E85,2009,95.93
53,E85,2010,112.86
53,E85,2011,91.11
53,E85,2012,92.89
53,E85,2013,92.11
53,E85,2014,88.17
53,E85,2015,88.85
53,E85,2016,82.11
53,E85,2017,76.41
53,E85,2018,73.02
53,E85,2019,71.94
53,E85,2020,69.65
53,E85,2021,68.55
53,E85,2022,80.0
53,E10,2009,126.02
53,E10,2010,137.75
53,E10,2011,153.39
53,E10,2012,157.64
53,E10,2013,154.19
53,E10,2014,148.2
53,E10,2015,134.7
53,E10,2016,127.7
53,E10,2017,134.45
53,E10,2018,147.17
53,E10,2019,147.37
53,E10,2020,132.27
53,E10,2021,151.51
53,E10,2022,184.0
53,SP98,2013,158.12
53,SP98,2014,154.89
53,SP98,2015,141.67
53,SP98,2016,135.7
53,SP98,2017,142.98
53,SP98,2018,155.66
53,SP98,2019,155.81
53,SP98,2020,140.64
53,SP98,2021,159.87
53,SP98,2022,193.0
72,Gazole,2007,110.3
72,Gazole,2008,128.05
72,Gazole,2009,101.45
72,Gazole,2010,116.58
72,Gazole,2011,136.21
72,Gazole,2012,142.51
72,Gazole,2013,137.85
72,Gazole,2014,130.9
72,Gazole,2015,117.29
72,Gazole,2016,
72,Gazole,2017,
72,Gazole,2018,
72,Gazole,2019,
72,Gazole,2020,
72,Gazole,2021,
72,Gazole,2022,
72,SP95,2007,129.98
72,SP95,2008,138.44
72,SP95,2009,123.85
72,SP95,2010,137.4
72,SP95,2011,153.23
72,SP95,2012,160.81
72,SP95,2013,157.53
72,SP95,2014,151.91
72,SP95,2015,138.74
72,SP95,2016,
72,SP95,2017,
72,SP95,2018,
72,SP95,2019,
72,SP95,2020,
72,SP95,2021,
72,SP95,2022,
72,GPLc,2007,73.26
72,GPLc,2008,75.13
72,GPLc,2009,65.94
72,GPLc,2010,73.09
72,GPLc,2011,82.3
72,GPLc,2012,86.24
72,GPLc,2013,87.38
72,GPLc,2014,85.12
72,GPLc,2015,78.88
72,GPLc,2016,
72,GPLc,2017,
72,GPLc,2018,
72,GPLc,2019,
72,GPLc,2020,
72,GPLc,2021,
72,GPLc,2022,
72,E85,2007,82.81
72,E85,2008,86.47
72,E85,2009,98.13
72,E85,2010,113.59
72,E85,2011,89.18
72,E85,2012,93.49
72,E85,2013,94.41
72,E85,2014,88.41
72,E85,2015,89.06
72,E85,2016,
72,E85,2017,
72,E85,2018,
72,E85,2019,
72,E85,2020,
72,E85,2021,
72,E85,2022,
72,E10,2009,124.02
72,E10,2010,138.97
72,E10,2011,153.66
72,E10,2012,158.89
72,E10,2013,155.21
72,E10,2014,149.56
72,E10,2015,136.11
72,E10,2016,
72,E10,2017,
72,E10,2018,
72,E10,2019,
72,E10,2020,
72,E10,2021,
72,E10,2022,
72,SP98,2013,159.91
72,SP98,2014,156.34
72,SP98,2015,142.92
72,SP98,2016,
72,SP98,2017,
72,SP98,2018,
72,SP98,2019,
72,SP98,2020,
72,SP98,2021,
72,SP98,2022,
43,Gazole,2007,109.36
43,Gazole,2008,127.25
43,Gazole,2009,100.56
43,Gazole,2010,115.4
43,Gazole,2011,135.45
43,Gazole,2012,141.54
43,Gazole,2013,137.61
43,Gazole,2014,130.78
43,Gazole,2015,117.15
43,Gazole,2016,
43,Gazole,2017,
43,Gazole,2018,
43,Gazole,2019,
43,Gazole,2020,
43,Gazole,2021,
43,Gazole,2022,
43,SP95,2007,128.29
43,SP95,2008,136.89
43,SP95,2009,122.83
43,SP95,2010,137.02
43,SP95,2011,152.81
43,SP95,2012,159.57
43,SP95,2013,157.26
43,SP95,2014,151.53
43,SP95,2015,137.87
43,SP95,2016,
43,SP95,2017,
43,SP95,2018,
43,SP95,2019,
43,SP95,2020,
43,SP95,2021,
43,SP95,2022,
43,GPLc,2007,71.68
43,GPLc,2008,74.68
43,GPLc,2009,65.96
43,GPLc,2010,72.74
43,GPLc,2011,80.76
43,GPLc,2012,85.92
43,GPLc,2013,87.54
43,GPLc,2014,86.32
43,GPLc,2015,79.8
43,GPLc,2016,
43,GPLc,2017,
43,GPLc,2018,
43,GPLc,2019,
43,GPLc,2020,
43,GPLc,2021,
43,GPLc,2022,
43,E85,2007,83.06
43,E85,2008,87.1
43,E85,2009,95.62
43,E85,2010,111.42
43,E85,2011,91.88
43,E85,2012,96.98
43,E85,2013,105.72
43,E85,2014,94.6
43,E85,2015,102.83
43,E85,2016,
43,E85,2017,
43,E85,2018,
43,E85,2019,
43,E85,2020,
43,E85,2021,
43,E85,2022,
43,E10,2009,119.57
43,E10,2010,131.45
43,E10,2011,150.71
43,E10,2012,157.15
43,E10,2013,155.41
43,E10,2014,150.05
43,E10,2015,136.41
43,E10,2016,
43,E10,2017,
43,E10,2018,
43,E10,2019,
43,E10,2020,
43,E10,2021,
43,E10,2022,
43,SP98,2013,159.45
43,SP98,2014,156.43
43,SP98,2015,142.88
43,SP98,2016,
43,SP98,2017,
43,SP98,2018,
43,SP98,2019,
43,SP98,2020,
43,SP98,2021,
43,SP98,2022,
23,Gazole,2007,109.36
23,Gazole,2008,126.99
23,Gazole,2009,100.2
23,Gazole,2010,115.27
23,Gazole,2011,134.93
23,Gazole,2012,141.07
23,Gazole,2013,136.68
23,Gazole,2014,129.85
23,Gazole,2015,116.07
23,Gazole,2016,
23,Gazole,2017,
23,Gazole,2018,
23,Gazole,2019,
23,Gazole,2020,
23,Gazole,2021,
23,Gazole,2022,
23,SP95,2007,129.4
23,SP95,2008,137.01
23,SP95,2009,121.76
23,SP95,2010,136.31
23,SP95,2011,151.52
23,SP95,2012,159.15
23,SP95,2013,156.11
23,SP95,2014,150.08
23,SP95,2015,136.78
23,SP95,2016,
23,SP95,2017,
23,SP95,2018,
23,SP95,2019,
23,SP95,2020,
23,SP95,2021,
23,SP95,2022,
23,GPLc,2007,73.91
23,GPLc,2008,76.3
23,GPLc,2009,70.02
23,GPLc,2010,73.42
23,GPLc,2011,83.1
23,GPLc,2012,88.65
23,GPLc,2013,89.29
23,GPLc,2014,87.71
23,GPLc,2015,80.83
23,GPLc,2016,
23,GPLc,2017,
23,GPLc,2018,
23,GPLc,2019,
23,GPLc,2020,
23,GPLc,2021,
23,GPLc,2022,
23,E85,2007,79.89
23,E85,2008,82.05
23,E85,2009,88.1
23,E85,2010,103.2
23,E85,2011,95.27
23,E85,2012,91.28
23,E85,2013,93.23
23,E85,2014,82.53
23,E85,2015,92.54
23,E85,2016,
23,E85,2017,
23,E85,2018,
23,E85,2019,
23,E85,2020,
23,E85,2021,
23,E85,2022,
23,E10,2009,121.85
23,E10,2010,133.26
23,E10,2011,147.63
23,E10,2012,155.27
23,E10,2013,153.74
23,E10,2014,148.26
23,E10,2015,135.52
23,E10,2016,
23,E10,2017,
23,E10,2018,
23,E10,2019,
23,E10,2020,
23,E10,2021,
23,E10,2022,
23,SP98,2013,158.08
23,SP98,2014,154.77
23,SP98,2015,141.78
23,SP98,2016,
23,SP98,2017,
23,SP98,2018,
23,SP98,2019,
23,SP98,2020,
23,SP98,2021,
23,SP98,2022,
52,Gazole,2007,109.28
52,Gazole,2008,126.78
52,Gazole,2009,100.62
52,Gazole,2010,115.46
52,Gazole,2011,134.72
52,Gazole,2012,140.99
52,Gazole,2013,136.45
52,Gazole,2014,129.52
52,Gazole,2015,115.92
52,Gazole,2016,111.43
52,Gazole,2017,123.49
52,Gazole,2018,143.8
52,Gazole,2019,144.4
52,Gazole,2020,126.31
52,Gazole,2021,143.28
52,Gazole,2022,185.0
52,SP95,2007,128.66
52,SP95,2008,136.86
52,SP95,2009,122.58
52,SP95,2010,135.64
52,SP95,2011,150.58
52,SP95,2012,158.27
52,SP95,2013,155.25
52,SP95,2014,150.16
52,SP95,2015,137.26
52,SP95,2016,132.19
52,SP95,2017,139.27
52,SP95,2018,152.05
52,SP95,2019,152.56
52,SP95,2020,137.61
52,SP95,2021,156.55
52,SP95,2022,190.0
52,GPLc,2007,71.85
52,GPLc,2008,75.06
52,GPLc,2009,65.21
52,GPLc,2010,71.23
52,GPLc,2011,81.34
52,GPLc,2012,85.12
52,GPLc,2013,85.51
52,GPLc,2014,84.05
52,GPLc,2015,77.76
52,GPLc,2016,69.5
52,GPLc,2017,72.53
52,GPLc,2018,81.82
52,GPLc,2019,84.95
52,GPLc,2020,84.43
52,GPLc,2021,84.91
52,GPLc,2022,86.0
52,E85,2007,83.05
52,E85,2008,83.97
52,E85,2009,91.41
52,E85,2010,116.58
52,E85,2011,95.28
52,E85,2012,91.76
52,E85,2013,94.8
52,E85,2014,89.68
52,E85,2015,92.46
52,E85,2016,76.85
52,E85,2017,71.8
52,E85,2018,70.14
52,E85,2019,67.43
52,E85,2020,64.82
52,E85,2021,67.76
52,E85,2022,81.0
52,E10,2009,124.86
52,E10,2010,137.42
52,E10,2011,152.05
52,E10,2012,157.24
52,E10,2013,153.97
52,E10,2014,147.87
52,E10,2015,134.53
52,E10,2016,128.11
52,E10,2017,135.08
52,E10,2018,147.95
52,E10,2019,148.35
52,E10,2020,133.41
52,E10,2021,152.58
52,E10,2022,184.0
52,SP98,2013,157.63
52,SP98,2014,154.23
52,SP98,2015,141.48
52,SP98,2016,136.04
52,SP98,2017,143.4
52,SP98,2018,156.47
52,SP98,2019,156.9
52,SP98,2020,141.59
52,SP98,2021,160.92
52,SP98,2022,193.0
31,Gazole,2007,108.98
31,Gazole,2008,126.28
31,Gazole,2009,99.78
31,Gazole,2010,114.99
31,Gazole,2011,135.04
31,Gazole,2012,141.04
31,Gazole,2013,136.52
31,Gazole,2014,129.36
31,Gazole,2015,115.36
31,Gazole,2016,
31,Gazole,2017,
31,Gazole,2018,
31,Gazole,2019,
31,Gazole,2020,
31,Gazole,2021,
31,Gazole,2022,
31,SP95,2007,128.92
31,SP95,2008,136.66
31,SP95,2009,120.74
31,SP95,2010,135.25
31,SP95,2011,151.33
31,SP95,2012,158.82
31,SP95,2013,155.91
31,SP95,2014,150.18
31,SP95,2015,136.95
31,SP95,2016,
31,SP95,2017,
31,SP95,2018,
31,SP95,2019,
31,SP95,2020,
31,SP95,2021,
31,SP95,2022,
31,GPLc,2007,73.65
31,GPLc,2008,75.34
31,GPLc,2009,65.76
31,GPLc,2010,72.36
31,GPLc,2011,84.0
31,GPLc,2012,86.8
31,GPLc,2013,86.55
31,GPLc,2014,85.4
31,GPLc,2015,76.89
31,GPLc,2016,
31,GPLc,2017,
31,GPLc,2018,
31,GPLc,2019,
31,GPLc,2020,
31,GPLc,2021,
31,GPLc,2022,
31,E85,2007,82.06
31,E85,2008,84.07
31,E85,2009,91.43
31,E85,2010,107.39
31,E85,2011,90.79
31,E85,2012,92.18
31,E85,2013,93.29
31,E85,2014,85.64
31,E85,2015,84.29
31,E85,2016,
31,E85,2017,
31,E85,2018,
31,E85,2019,
31,E85,2020,
31,E85,2021,
31,E85,2022,
31,E10,2009,126.46
31,E10,2010,136.37
31,E10,2011,151.83
31,E10,2012,157.98
31,E10,2013,155.18
31,E10,2014,149.25
31,E10,2015,136.02
31,E10,2016,
31,E10,2017,
31,E10,2018,
31,E10,2019,
31,E10,2020,
31,E10,2021,
31,E10,2022,
31,SP98,2013,158.75
31,SP98,2014,154.96
31,SP98,2015,141.6
31,SP98,2016,
31,SP98,2017,
31,SP98,2018,
31,SP98,2019,
31,SP98,2020,
31,SP98,2021,
31,SP98,2022,
41,Gazole,2007,110.31
41,Gazole,2008,128.21
41,Gazole,2009,101.65
41,Gazole,2010,116.37
41,Gazole,2011,136.34
41,Gazole,2012,142.63
41,Gazole,2013,138.07
41,Gazole,2014,131.24
41,Gazole,2015,117.61
41,Gazole,2016,
41,Gazole,2017,
41,Gazole,2018,
41,Gazole,2019,
41,Gazole,2020,
41,Gazole,2021,
41,Gazole,2022,
41,SP95,2007,129.82
41,SP95,2008,138.01
41,SP95,2009,122.82
41,SP95,2010,136.95
41,SP95,2011,152.69
41,SP95,2012,160.13
41,SP95,2013,157.24
41,SP95,2014,151.34
41,SP95,2015,138.14
41,SP95,2016,
41,SP95,2017,
41,SP95,2018,
41,SP95,2019,
41,SP95,2020,
41,SP95,2021,
41,SP95,2022,
41,GPLc,2007,70.43
41,GPLc,2008,73.3
41,GPLc,2009,65.13
41,GPLc,2010,68.87
41,GPLc,2011,79.72
41,GPLc,2012,85.49
41,GPLc,2013,84.83
41,GPLc,2014,83.02
41,GPLc,2015,77.22
41,GPLc,2016,
41,GPLc,2017,
41,GPLc,2018,
41,GPLc,2019,
41,GPLc,2020,
41,GPLc,2021,
41,GPLc,2022,
41,E85,2007,84.46
41,E85,2008,89.15
41,E85,2009,87.39
41,E85,2010,101.29
41,E85,2011,94.72
41,E85,2012,90.9
41,E85,2013,92.33
41,E85,2014,90.07
41,E85,2015,90.03
41,E85,2016,
41,E85,2017,
41,E85,2018,
41,E85,2019,
41,E85,2020,
41,E85,2021,
41,E85,2022,
41,E10,2009,124.0
41,E10,2010,134.54
41,E10,2011,150.7
41,E10,2012,157.37
41,E10,2013,154.6
41,E10,2014,149.22
41,E10,2015,136.05
41,E10,2016,
41,E10,2017,
41,E10,2018,
41,E10,2019,
41,E10,2020,
41,E10,2021,
41,E10,2022,
41,SP98,2013,159.08
41,SP98,2014,155.8
41,SP98,2015,142.5
41,SP98,2016,
41,SP98,2017,
41,SP98,2018,
41,SP98,2019,
41,SP98,2020,
41,SP98,2021,
41,SP98,2022,
42,Gazole,2007,110.34
42,Gazole,2008,128.54
42,Gazole,2009,101.56
42,Gazole,2010,115.82
42,Gazole,2011,136.38
42,Gazole,2012,142.21
42,Gazole,2013,137.32
42,Gazole,2014,130.18
42,Gazole,2015,117.05
42,Gazole,2016,
42,Gazole,2017,
42,Gazole,2018,
42,Gazole,2019,
42,Gazole,2020,
42,Gazole,2021,
42,Gazole,2022,
42,SP95,2007,128.75
42,SP95,2008,137.51
42,SP95,2009,122.91
42,SP95,2010,136.84
42,SP95,2011,152.43
42,SP95,2012,158.93
42,SP95,2013,156.08
42,SP95,2014,150.17
42,SP95,2015,137.02
42,SP95,2016,
42,SP95,2017,
42,SP95,2018,
42,SP95,2019,
42,SP95,2020,
42,SP95,2021,
42,SP95,2022,
42,GPLc,2007,72.03
42,GPLc,2008,74.5
42,GPLc,2009,65.73
42,GPLc,2010,72.43
42,GPLc,2011,85.27
42,GPLc,2012,86.78
42,GPLc,2013,87.33
42,GPLc,2014,84.62
42,GPLc,2015,77.3
42,GPLc,2016,
42,GPLc,2017,
42,GPLc,2018,
42,GPLc,2019,
42,GPLc,2020,
42,GPLc,2021,
42,GPLc,2022,
42,E85,2007,83.24
42,E85,2008,85.76
42,E85,2009,91.13
42,E85,2010,101.68
42,E85,2011,88.58
42,E85,2012,92.24
42,E85,2013,92.88
42,E85,2014,89.53
42,E85,2015,89.66
42,E85,2016,
42,E85,2017,
42,E85,2018,
42,E85,2019,
42,E85,2020,
42,E85,2021,
42,E85,2022,
42,E10,2009,121.92
42,E10,2010,136.58
42,E10,2011,153.5
42,E10,2012,159.02
42,E10,2013,155.71
42,E10,2014,149.78
42,E10,2015,136.7
42,E10,2016,
42,E10,2017,
42,E10,2018,
42,E10,2019,
42,E10,2020,
42,E10,2021,
42,E10,2022,
42,SP98,2013,159.21
42,SP98,2014,155.66
42,SP98,2015,142.84
42,SP98,2016,
42,SP98,2017,
42,SP98,2018,
42,SP98,2019,
42,SP98,2020,
42,SP98,2021,
42,SP98,2022,
02,Gazole,2007,108.88
02,Gazole,2008,127.06
02,Gazole,2009,100.37
02,Gazole,2010,116.33
02,Gazole,2011,137.81
02,Gazole,2012,144.88
02,Gazole,2013,141.14
02,Gazole,2014,134.29
02,Gazole,2015,
02,Gazole,2016,
02,Gazole,2017,
02,Gazole,2018,
02,Gazole,2019,
02,Gazole,2020,
02,Gazole,2021,
02,Gazole,2022,
02,SP95,2007,129.5
02,SP95,2008,138.44
02,SP95,2009,120.08
02,SP95,2010,
02,SP95,2011,157.31
02,SP95,2012,164.14
02,SP95,2013,162.22
02,SP95,2014,156.73
02,SP95,2015,
02,SP95,2016,
02,SP95,2017,
02,SP95,2018,
02,SP95,2019,
02,SP95,2020,
02,SP95,2021,
02,SP95,2022,
02,E10,2009,124.06
02,E10,2010,136.68
02,E10,2011,153.24
02,E10,2012,161.56
02,E10,2013,159.51
02,E10,2014,153.66
02,E10,2015,
02,E10,2016,
02,E10,2017,
02,E10,2018,
02,E10,2019,
02,E10,2020,
02,E10,2021,
02,E10,2022,
02,SP98,2013,166.63
02,SP98,2014,160.86
02,SP98,2015,
02,SP98,2016,
02,SP98,2017,
02,SP98,2018,
02,SP98,2019,
02,SP98,2020,
02,SP98,2021,
02,SP98,2022,
11,Gazole,2007,111.29
11,Gazole,2008,128.72
11,Gazole,2009,101.97
11,Gazole,2010,117.24
11,Gazole,2011,135.9
11,Gazole,2012,143.46
11,Gazole,2013,138.59
11,Gazole,2014,132.05
11,Gazole,2015,118.37
11,Gazole,2016,114.37
11,Gazole,2017,129.07
11,Gazole,2018,149.42
11,Gazole,2019,150.24
11,Gazole,2020,132.67
11,Gazole,2021,149.88
11,Gazole,2022,192.0
11,SP95,2007,130.14
11,SP95,2008,137.52
11,SP95,2009,120.85
11,SP95,2010,135.57
11,SP95,2011,150.27
11,SP95,2012,159.13
11,SP95,2013,155.95
11,SP95,2014,150.57
11,SP95,2015,137.48
11,SP95,2016,132.97
11,SP95,2017,141.28
11,SP95,2018,154.34
11,SP95,2019,154.56
11,SP95,2020,139.26
11,SP95,2021,157.94
11,SP95,2022,192.0
11,GPLc,2007,74.74
11,GPLc,2008,76.21
11,GPLc,2009,66.75
11,GPLc,2010,74.2
11,GPLc,2011,84.77
11,GPLc,2012,88.2
11,GPLc,2013,88.29
11,GPLc,2014,87.07
11,GPLc,2015,80.62
11,GPLc,2016,72.53
11,GPLc,2017,76.22
11,GPLc,2018,85.11
11,GPLc,2019,87.44
11,GPLc,2020,87.22
11,GPLc,2021,87.8
11,GPLc,2022,91.0
11,E85,2007,81.29
11,E85,2008,87.18
11,E85,2009,93.49
11,E85,2010,106.1
11,E85,2011,90.42
11,E85,2012,91.26
11,E85,2013,90.36
11,E85,2014,87.41
11,E85,2015,82.28
11,E85,2016,75.41
11,E85,2017,72.32
11,E85,2018,72.6
11,E85,2019,72.63
11,E85,2020,72.73
11,E85,2021,73.07
11,E85,2022,80.0
11,E10,2009,125.98
11,E10,2010,136.77
11,E10,2011,151.29
11,E10,2012,158.21
11,E10,2013,155.02
11,E10,2014,149.79
11,E10,2015,137.49
11,E10,2016,131.08
11,E10,2017,139.75
11,E10,2018,152.63
11,E10,2019,153.24
11,E10,2020,138.87
11,E10,2021,158.44
11,E10,2022,190.0
11,SP98,2013,159.64
11,SP98,2014,155.77
11,SP98,2015,143.0
11,SP98,2016,138.71
11,SP98,2017,147.7
11,SP98,2018,160.64
11,SP98,2019,161.28
11,SP98,2020,147.38
11,SP98,2021,167.48
11,SP98,2022,200.0
04,Gazole,2011,145.25
04,Gazole,2012,151.12
04,Gazole,2013,148.01
04,Gazole,2014,139.17
04,Gazole,2015,120.65
04,Gazole,2016,113.2
04,Gazole,2017,133.41
04,Gazole,2018,
04,Gazole,2019,
04,Gazole,2020,
04,Gazole,2021,
04,Gazole,2022,
04,SP95,2011,160.38
04,SP95,2012,166.04
04,SP95,2013,
04,SP95,2014,
04,SP95,2015,
04,SP95,2016,
04,SP95,2017,
04,SP95,2018,
04,SP95,2019,
04,SP95,2020,
04,SP95,2021,
04,SP95,2022,
04,GPLc,2011,89.16
04,GPLc,2012,95.33
04,GPLc,2013,95.17
04,GPLc,2014,94.15
04,GPLc,2015,
04,GPLc,2016,
04,GPLc,2017,
04,GPLc,2018,
04,GPLc,2019,
04,GPLc,2020,
04,GPLc,2021,
04,GPLc,2022,
04,E10,2012,167.32
04,E10,2013,163.98
04,E10,2014,156.67
04,E10,2015,140.11
04,E10,2016,130.54
04,E10,2017,144.32
04,E10,2018,
04,E10,2019,
04,E10,2020,
04,E10,2021,
04,E10,2022,
04,SP98,2013,168.11
04,SP98,2014,167.19
04,SP98,2015,
04,SP98,2016,131.93
04,SP98,2017,
04,SP98,2018,
04,SP98,2019,
04,SP98,2020,
04,SP98,2021,
04,SP98,2022,
84,Gazole,2016,113.38
84,Gazole,2017,125.87
84,Gazole,2018,146.3
84,Gazole,2019,146.35
84,Gazole,2020,128.77
84,Gazole,2021,145.6
84,Gazole,2022,188.0
84,SP95,2016,133.31
84,SP95,2017,140.76
84,SP95,2018,153.27
84,SP95,2019,153.25
84,SP95,2020,139.27
84,SP95,2021,157.66
84,SP95,2022,189.0
84,SP98,2016,137.88
84,SP98,2017,145.67
84,SP98,2018,158.52
84,SP98,2019,157.91
84,SP98,2020,144.49
84,SP98,2021,163.32
84,SP98,2022,195.0
84,GPLc,2016,72.54
84,GPLc,2017,77.1
84,GPLc,2018,85.18
84,GPLc,2019,88.5
84,GPLc,2020,86.96
84,GPLc,2021,87.74
84,GPLc,2022,90.0
84,E10,2016,130.23
84,E10,2017,136.99
84,E10,2018,149.57
84,E10,2019,149.35
84,E10,2020,136.05
84,E10,2021,154.55
84,E10,2022,185.0
84,E85,2016,81.46
84,E85,2017,74.13
84,E85,2018,71.64
84,E85,2019,71.26
84,E85,2020,71.0
84,E85,2021,71.5
84,E85,2022,83.0
27,Gazole,2016,112.75
27,Gazole,2017,125.46
27,Gazole,2018,146.26
27,Gazole,2019,146.52
27,Gazole,2020,128.92
27,Gazole,2021,145.55
27,Gazole,2022,188.0
27,SP95,2016,132.76
27,SP95,2017,140.08
27,SP95,2018,153.28
27,SP95,2019,152.93
27,SP95,2020,139.17
27,SP95,2021,157.83
27,SP95,2022,189.0
27,E10,2016,130.09
27,E10,2017,136.77
27,E10,2018,149.88
27,E10,2019,149.89
27,E10,2020,135.9
27,E10,2021,154.58
27,E10,2022,185.0
27,SP98,2016,137.28
27,SP98,2017,145.15
27,SP98,2018,158.45
27,SP98,2019,157.96
27,SP98,2020,144.58
27,SP98,2021,163.06
27,SP98,2022,195.0
27,GPLc,2016,72.89
27,GPLc,2017,77.04
27,GPLc,2018,88.81
27,GPLc,2019,89.37
27,GPLc,2020,89.86
27,GPLc,2021,90.13
27,GPLc,2022,92.0
27,E85,2016,86.4
27,E85,2017,71.16
27,E85,2018,74.5
27,E85,2019,70.37
27,E85,2020,69.63
27,E85,2021,69.74
27,E85,2022,82.0
32,Gazole,2016,111.21
32,Gazole,2017,123.61
32,Gazole,2018,144.27
32,Gazole,2019,144.65
32,Gazole,2020,126.8
32,Gazole,2021,143.3
32,Gazole,2022,186.0
32,SP95,2016,131.43
32,SP95,2017,138.61
32,SP95,2018,151.61
32,SP95,2019,151.95
32,SP95,2020,136.81
32,SP95,2021,155.51
32,SP95,2022,189.0
32,SP98,2016,136.3
32,SP98,2017,143.79
32,SP98,2018,156.72
32,SP98,2019,156.6
32,SP98,2020,141.68
32,SP98,2021,160.94
32,SP98,2022,194.0
32,E10,2016,129.57
32,E10,2017,136.39
32,E10,2018,149.19
32,E10,2019,149.24
32,E10,2020,134.89
32,E10,2021,153.36
32,E10,2022,185.0
32,E85,2016,73.88
32,E85,2017,63.51
32,E85,2018,64.96
32,E85,2019,63.75
32,E85,2020,63.89
32,E85,2021,67.23
32,E85,2022,80.0
32,GPLc,2016,70.68
32,GPLc,2017,74.53
32,GPLc,2018,82.9
32,GPLc,2019,85.03
32,GPLc,2020,84.14
32,GPLc,2021,85.44
32,GPLc,2022,89.0
44,Gazole,2016,112.36
44,Gazole,2017,125.03
44,Gazole,2018,145.76
44,Gazole,2019,146.08
44,Gazole,2020,128.16
44,Gazole,2021,144.79
44,Gazole,2022,187.0
44,SP95,2016,132.23
44,SP95,2017,139.64
44,SP95,2018,152.28
44,SP95,2019,152.84
44,SP95,2020,137.81
44,SP95,2021,157.24
44,SP95,2022,190.0
44,E85,2016,75.86
44,E85,2017,70.2
44,E85,2018,72.59
44,E85,2019,69.99
44,E85,2020,69.85
44,E85,2021,70.11
44,E85,2022,79.0
44,SP98,2016,136.87
44,SP98,2017,144.88
44,SP98,2018,157.69
44,SP98,2019,157.67
44,SP98,2020,142.81
44,SP98,2021,162.08
44,SP98,2022,194.0
44,E10,2016,129.31
44,E10,2017,136.26
44,E10,2018,149.02
44,E10,2019,149.24
44,E10,2020,134.78
44,E10,2021,153.7
44,E10,2022,185.0
44,GPLc,2016,70.41
44,GPLc,2017,73.7
44,GPLc,2018,82.6
44,GPLc,2019,85.84
44,GPLc,2020,86.16
44,GPLc,2021,87.12
44,GPLc,2022,90.0
76,Gazole,2016,112.8
76,Gazole,2017,125.18
76,Gazole,2018,145.53
76,Gazole,2019,145.72
76,Gazole,2020,127.93
76,Gazole,2021,144.79
76,Gazole,2022,187.0
76,GPLc,2016,72.5
76,GPLc,2017,75.77
76,GPLc,2018,84.03
76,GPLc,2019,86.73
76,GPLc,2020,87.29
76,GPLc,2021,88.64
76,GPLc,2022,91.0
76,E10,2016,129.44
76,E10,2017,136.44
76,E10,2018,148.71
76,E10,2019,148.55
76,E10,2020,135.1
76,E10,2021,153.72
76,E10,2022,184.0
76,SP98,2016,137.45
76,SP98,2017,145.18
76,SP98,2018,157.61
76,SP98,2019,157.04
76,SP98,2020,143.24
76,SP98,2021,162.09
76,SP98,2022,194.0
76,SP95,2016,133.36
76,SP95,2017,140.78
76,SP95,2018,153.45
76,SP95,2019,153.0
76,SP95,2020,139.65
76,SP95,2021,157.84
76,SP95,2022,190.0
76,E85,2016,77.36
76,E85,2017,72.63
76,E85,2018,71.41
76,E85,2019,69.83
76,E85,2020,67.83
76,E85,2021,69.82
76,E85,2022,82.0
28,Gazole,2016,111.7
28,Gazole,2017,123.86
28,Gazole,2018,144.43
28,Gazole,2019,144.85
28,Gazole,2020,126.89
28,Gazole,2021,143.65
28,Gazole,2022,186.0
28,GPLc,2016,73.27
28,GPLc,2017,76.0
28,GPLc,2018,84.05
28,GPLc,2019,87.32
28,GPLc,2020,86.77
28,GPLc,2021,87.49
28,GPLc,2022,90.0
28,E10,2016,129.2
28,E10,2017,136.05
28,E10,2018,149.27
28,E10,2019,149.65
28,E10,2020,134.84
28,E10,2021,153.36
28,E10,2022,185.0
28,SP98,2016,136.7
28,SP98,2017,144.3
28,SP98,2018,157.46
28,SP98,2019,157.4
28,SP98,2020,142.34
28,SP98,2021,161.37
28,SP98,2022,194.0
28,SP95,2016,131.92
28,SP95,2017,138.93
28,SP95,2018,151.95
28,SP95,2019,152.31
28,SP95,2020,137.01
28,SP95,2021,156.16
28,SP95,2022,190.0
28,E85,2016,80.39
28,E85,2017,67.54
28,E85,2018,67.1
28,E85,2019,68.13
28,E85,2020,64.65
28,E85,2021,66.67
28,E85,2022,80.0
75,Gazole,2016,112.03
75,Gazole,2017,124.91
75,Gazole,2018,145.05
75,Gazole,2019,145.5
75,Gazole,2020,127.67
75,Gazole,2021,144.09
75,Gazole,2022,186.0
75,SP95,2016,133.0
75,SP95,2017,140.46
75,SP95,2018,153.04
75,SP95,2019,153.11
75,SP95,2020,138.7
75,SP95,2021,156.85
75,SP95,2022,190.0
75,E85,2016,78.29
75,E85,2017,68.83
75,E85,2018,68.18
75,E85,2019,71.63
75,E85,2020,68.16
75,E85,2021,69.14
75,E85,2022,81.0
75,SP98,2016,136.85
75,SP98,2017,144.89
75,SP98,2018,157.69
75,SP98,2019,157.96
75,SP98,2020,142.62
75,SP98,2021,161.74
75,SP98,2022,195.0
75,E10,2016,128.87
75,E10,2017,136.34
75,E10,2018,148.92
75,E10,2019,149.55
75,E10,2020,134.62
75,E10,2021,153.48
75,E10,2022,185.0
75,GPLc,2016,70.9
75,GPLc,2017,75.21
75,GPLc,2018,83.85
75,GPLc,2019,86.75
75,GPLc,2020,87.24
75,GPLc,2021,87.1
75,GPLc,2022,90.0
