product,Juic,Alc,SD,Wat,Cof,FFV,Spices,PBF,PBD,PBS,Starch,PFV,Beef,OM,CM,ABF,Cheese,Fish,Dairy,PrepM,PrepD,age,revenus
Juic,-1.252,0.17,0.149,0.056,0.08,-0.005,0.028,0.09,0.057,0.006,0.031,0.039,0.133,0.102,0.066,0.084,-0.121,0.017,0.125,0.021,0.007,0,3
Alc,0.101,-1.212,0.123,0.04,0.07,0.003,0.022,0.034,0.027,0.103,0.019,0.041,0.042,0.051,0.069,0.03,0.109,0.124,0.067,0.052,0.047,0,3
SD,0.203,0.279,-1.438,0.037,0.09,0.019,0.011,0.033,-0.035,0.019,0.018,0.023,0.062,0.046,0.051,0.045,0.224,0.023,0.078,0.108,0.024,0,3
Wat,0.063,0.076,0.031,-1.415,0.024,0.076,0.005,0.043,0.067,0.019,0.067,0.033,0.107,0.006,0.093,0.049,0.318,0.006,0.118,0.084,0.0,0,3
Cof,0.106,0.153,0.087,0.028,-0.945,-0.028,0.031,0.034,0.034,0.021,0.014,0.014,0.064,0.016,0.045,0.046,-0.013,0.112,0.096,0.054,0.098,0,3
FFV,-0.01,0.012,0.03,0.15,-0.048,-1.064,0.004,0.005,0.032,-0.01,0.078,0.032,0.061,0.197,0.079,0.066,0.202,-0.044,0.041,0.135,0.078,0,3
Spices,0.087,0.114,0.024,0.015,0.073,0.006,-0.979,0.019,0.047,0.174,-0.004,0.028,0.125,0.063,0.045,0.014,-0.028,0.079,0.065,-0.05,0.046,0,3
PBF,0.181,0.116,0.048,0.076,0.051,0.005,0.012,-1.136,0.075,0.043,0.114,0.096,0.082,0.093,0.082,0.008,-0.23,0.038,0.202,-0.011,0.074,0,3
PBD,0.08,0.063,-0.036,0.083,0.036,0.02,0.021,0.052,-1.016,0.048,0.029,0.033,0.16,0.037,0.068,0.036,-0.155,0.175,0.089,0.092,0.042,0,3
PBS,0.009,0.248,0.02,0.025,0.023,-0.006,0.081,0.031,0.049,-1.071,0.031,0.013,0.158,0.067,-0.041,0.008,-0.055,0.232,-0.018,0.133,0.065,0,3
Starch,0.073,0.076,0.031,0.141,0.025,0.083,-0.003,0.133,0.049,0.05,-1.217,0.06,0.076,0.146,0.108,-0.017,-0.032,-0.007,0.086,0.01,0.0,0,3
PFV,0.089,0.158,0.038,0.068,0.025,0.033,0.021,0.109,0.055,0.021,0.058,-1.191,0.09,0.104,0.071,0.036,-0.067,0.094,0.088,0.011,0.04,0,3
Beef,0.104,0.056,0.036,0.075,0.038,0.022,0.032,0.032,0.09,0.086,0.025,0.031,-1.143,0.086,0.103,0.033,-0.01,0.064,0.096,0.014,-0.001,0,3
OM,0.119,0.101,0.04,0.006,0.014,0.104,0.024,0.054,0.031,0.055,0.072,0.053,0.128,-1.42,0.058,0.038,0.12,0.103,0.075,0.11,0.013,0,3
CM,0.082,0.143,0.047,0.103,0.042,0.045,0.018,0.051,0.061,-0.036,0.057,0.039,0.164,0.062,-1.195,0.054,0.031,0.003,0.105,0.055,0.062,0,3
ABF,0.214,0.128,0.084,0.11,0.089,0.075,0.012,0.01,0.066,0.014,-0.018,0.04,0.106,0.082,0.11,-1.407,-0.003,0.061,0.035,0.03,-0.033,0,3
Cheese,-0.112,0.169,0.152,0.261,-0.009,0.084,-0.008,-0.106,-0.103,-0.036,-0.013,-0.027,-0.012,0.095,0.023,-0.001,-0.773,-0.03,0.011,0.135,-0.169,0,3
Fish,0.019,0.233,0.019,0.006,0.096,-0.022,0.029,0.021,0.142,0.182,-0.004,0.046,0.092,0.099,0.003,0.027,-0.036,-1.167,0.091,0.055,0.062,0,3
Dairy,0.131,0.118,0.06,0.11,0.077,0.019,0.022,0.105,0.067,-0.013,0.038,0.041,0.128,0.067,0.089,0.015,0.013,0.085,-1.379,0.029,-0.048,0,3
PrepM,0.025,0.102,0.094,0.089,0.048,0.072,-0.019,-0.007,0.078,0.11,0.005,0.006,0.022,0.111,0.052,0.014,0.172,0.058,0.032,-1.146,0.047,0,3
PrepD,0.008,0.096,0.021,0.0,0.09,0.043,0.018,0.045,0.037,0.055,0.0,0.021,-0.002,0.014,0.061,-0.016,-0.223,0.067,-0.056,0.048,-1.543,0,3
Juic,-1.259,0.17,0.148,0.057,0.085,-0.005,0.028,0.09,0.057,0.003,0.03,0.038,0.142,0.107,0.065,0.085,-0.111,0.02,0.126,0.02,0.008,1,3
Alc,0.101,-1.216,0.12,0.041,0.074,0.003,0.021,0.033,0.027,0.101,0.018,0.04,0.051,0.056,0.068,0.03,0.124,0.128,0.067,0.051,0.049,1,3
SD,0.214,0.294,-1.484,0.037,0.098,0.018,0.009,0.032,-0.042,0.015,0.016,0.021,0.07,0.05,0.05,0.047,0.252,0.024,0.08,0.113,0.024,1,3
Wat,0.062,0.075,0.027,-1.408,0.028,0.075,0.005,0.041,0.066,0.017,0.066,0.032,0.115,0.011,0.091,0.048,0.328,0.011,0.117,0.083,0.002,1,3
Cof,0.101,0.148,0.08,0.031,-0.942,-0.024,0.029,0.032,0.034,0.02,0.014,0.014,0.073,0.022,0.044,0.044,0.007,0.111,0.093,0.052,0.096,1,3
FFV,-0.011,0.01,0.027,0.151,-0.044,-1.064,0.003,0.004,0.032,-0.013,0.078,0.031,0.07,0.202,0.078,0.066,0.216,-0.041,0.04,0.134,0.08,1,3
Spices,0.087,0.113,0.02,0.014,0.078,0.005,-0.98,0.017,0.047,0.177,-0.006,0.027,0.135,0.068,0.044,0.014,-0.018,0.084,0.065,-0.055,0.048,1,3
PBF,0.186,0.116,0.045,0.078,0.055,0.004,0.011,-1.145,0.077,0.041,0.117,0.098,0.091,0.099,0.082,0.007,-0.23,0.041,0.208,-0.015,0.077,1,3
PBD,0.079,0.061,-0.04,0.084,0.039,0.02,0.02,0.051,-1.016,0.045,0.028,0.032,0.169,0.041,0.067,0.036,-0.142,0.179,0.089,0.091,0.044,1,3
PBS,0.004,0.258,0.015,0.023,0.025,-0.009,0.085,0.03,0.05,-1.082,0.03,0.011,0.173,0.072,-0.049,0.007,-0.05,0.249,-0.024,0.139,0.069,1,3
Starch,0.073,0.075,0.027,0.145,0.028,0.085,-0.004,0.135,0.049,0.048,-1.226,0.059,0.084,0.153,0.109,-0.018,-0.022,-0.006,0.087,0.008,0.001,1,3
PFV,0.09,0.16,0.034,0.069,0.027,0.033,0.02,0.112,0.055,0.017,0.059,-1.205,0.099,0.112,0.071,0.036,-0.06,0.1,0.09,0.008,0.041,1,3
Beef,0.098,0.059,0.033,0.073,0.042,0.022,0.03,0.03,0.085,0.079,0.024,0.029,-1.113,0.086,0.096,0.032,0.012,0.067,0.091,0.017,0.006,1,3
OM,0.113,0.099,0.037,0.011,0.02,0.098,0.023,0.051,0.032,0.051,0.068,0.05,0.133,-1.381,0.056,0.037,0.13,0.103,0.073,0.104,0.018,1,3
CM,0.082,0.144,0.044,0.105,0.046,0.045,0.017,0.05,0.061,-0.041,0.057,0.038,0.175,0.066,-1.202,0.055,0.045,0.006,0.107,0.054,0.065,1,3
ABF,0.212,0.127,0.08,0.111,0.093,0.075,0.011,0.009,0.066,0.011,-0.019,0.038,0.114,0.086,0.109,-1.406,0.011,0.064,0.035,0.029,-0.031,1,3
Cheese,-0.082,0.155,0.129,0.224,0.004,0.073,-0.004,-0.083,-0.077,-0.024,-0.007,-0.019,0.012,0.091,0.026,0.003,-0.789,-0.011,0.019,0.118,-0.128,1,3
Fish,0.021,0.223,0.017,0.01,0.096,-0.019,0.028,0.02,0.135,0.17,-0.003,0.044,0.1,0.1,0.005,0.027,-0.015,-1.149,0.088,0.054,0.064,1,3
Dairy,0.13,0.117,0.057,0.111,0.081,0.019,0.021,0.104,0.067,-0.016,0.037,0.039,0.137,0.071,0.088,0.015,0.027,0.088,-1.38,0.028,-0.047,1,3
PrepM,0.023,0.101,0.092,0.09,0.052,0.072,-0.021,-0.009,0.079,0.108,0.004,0.004,0.029,0.116,0.051,0.014,0.189,0.062,0.032,-1.151,0.049,1,3
PrepD,0.009,0.095,0.019,0.003,0.092,0.042,0.017,0.043,0.037,0.052,0.0,0.02,0.009,0.02,0.059,-0.014,-0.197,0.07,-0.052,0.047,-1.516,1,3
Juic,-1.284,0.189,0.153,0.061,0.088,-0.008,0.026,0.093,0.054,-0.004,0.028,0.036,0.15,0.113,0.065,0.09,-0.116,0.024,0.123,0.017,0.0,2,3
Alc,0.091,-1.162,0.108,0.046,0.071,0.005,0.019,0.031,0.024,0.088,0.016,0.035,0.059,0.058,0.063,0.029,0.125,0.125,0.058,0.049,0.044,2,3
SD,0.218,0.317,-1.512,0.039,0.101,0.017,0.006,0.03,-0.051,0.009,0.013,0.018,0.073,0.053,0.049,0.048,0.268,0.029,0.073,0.115,0.017,2,3
Wat,0.058,0.091,0.026,-1.376,0.03,0.071,0.003,0.039,0.061,0.013,0.06,0.028,0.117,0.017,0.087,0.047,0.32,0.02,0.105,0.079,0.0,2,3
Cof,0.097,0.161,0.078,0.035,-0.941,-0.024,0.027,0.03,0.03,0.015,0.011,0.011,0.077,0.026,0.042,0.044,0.016,0.116,0.085,0.051,0.089,2,3
FFV,-0.017,0.022,0.025,0.157,-0.046,-1.067,0.001,0.002,0.027,-0.019,0.076,0.028,0.074,0.209,0.078,0.067,0.228,-0.037,0.032,0.135,0.075,2,3
Spices,0.087,0.13,0.015,0.012,0.083,0.001,-0.982,0.014,0.043,0.192,-0.013,0.024,0.146,0.073,0.042,0.013,-0.024,0.095,0.059,-0.071,0.042,2,3
PBF,0.19,0.131,0.043,0.083,0.057,0.002,0.008,-1.156,0.074,0.036,0.119,0.099,0.096,0.104,0.083,0.006,-0.24,0.046,0.209,-0.02,0.073,2,3
PBD,0.077,0.072,-0.05,0.091,0.039,0.018,0.018,0.052,-1.027,0.041,0.026,0.03,0.182,0.042,0.068,0.038,-0.16,0.199,0.085,0.095,0.038,2,3
PBS,-0.007,0.295,0.01,0.023,0.022,-0.014,0.092,0.028,0.047,-1.104,0.028,0.006,0.19,0.078,-0.064,0.005,-0.061,0.283,-0.043,0.15,0.066,2,3
Starch,0.071,0.086,0.023,0.161,0.026,0.092,-0.01,0.149,0.046,0.045,-1.263,0.061,0.089,0.17,0.117,-0.024,-0.028,-0.008,0.083,0.001,-0.011,2,3
PFV,0.091,0.184,0.032,0.075,0.025,0.034,0.018,0.123,0.053,0.01,0.061,-1.241,0.106,0.123,0.074,0.038,-0.073,0.113,0.087,0.001,0.034,2,3
Beef,0.093,0.075,0.032,0.076,0.044,0.022,0.027,0.029,0.079,0.072,0.021,0.026,-1.099,0.088,0.092,0.031,0.022,0.072,0.082,0.017,0.002,2,3
OM,0.107,0.113,0.035,0.016,0.022,0.093,0.02,0.048,0.028,0.045,0.063,0.046,0.134,-1.355,0.054,0.036,0.135,0.107,0.065,0.1,0.014,2,3
CM,0.079,0.16,0.042,0.111,0.047,0.045,0.015,0.049,0.058,-0.048,0.056,0.035,0.182,0.07,-1.213,0.056,0.051,0.01,0.101,0.053,0.06,2,3
ABF,0.209,0.141,0.078,0.114,0.093,0.074,0.009,0.007,0.062,0.007,-0.022,0.035,0.119,0.089,0.107,-1.406,0.019,0.071,0.027,0.028,-0.037,2,3
Cheese,-0.074,0.164,0.119,0.213,0.009,0.069,-0.004,-0.075,-0.071,-0.024,-0.007,-0.018,0.023,0.091,0.027,0.005,-0.793,0.001,0.015,0.111,-0.118,2,3
Fish,0.021,0.225,0.017,0.018,0.092,-0.015,0.024,0.02,0.121,0.152,-0.003,0.038,0.102,0.099,0.007,0.026,0.001,-1.122,0.077,0.052,0.057,2,3
Dairy,0.138,0.135,0.058,0.124,0.087,0.017,0.02,0.115,0.067,-0.03,0.037,0.039,0.149,0.077,0.093,0.013,0.026,0.1,-1.457,0.023,-0.068,2,3
PrepM,0.019,0.115,0.091,0.095,0.053,0.073,-0.024,-0.011,0.075,0.106,0.0,0.0,0.032,0.121,0.049,0.014,0.199,0.068,0.023,-1.158,0.043,2,3
PrepD,0.0,0.109,0.014,0.0,0.099,0.043,0.015,0.043,0.032,0.049,-0.005,0.016,0.004,0.018,0.059,-0.019,-0.224,0.079,-0.073,0.046,-1.593,2,3
Juic,-1.352,0.212,0.166,0.06,0.094,-0.013,0.027,0.106,0.055,-0.012,0.029,0.038,0.168,0.125,0.066,0.103,-0.146,0.024,0.134,0.011,-0.011,3,3
Alc,0.081,-1.132,0.095,0.045,0.068,0.008,0.018,0.032,0.023,0.083,0.016,0.034,0.068,0.059,0.059,0.03,0.127,0.127,0.055,0.049,0.042,3,3
SD,0.249,0.375,-1.649,0.034,0.112,0.016,0.004,0.032,-0.073,0.002,0.011,0.017,0.077,0.053,0.047,0.055,0.316,0.027,0.077,0.13,0.008,3,3
Wat,0.05,0.099,0.019,-1.39,0.028,0.074,0.002,0.04,0.059,0.012,0.061,0.028,0.125,0.017,0.085,0.049,0.332,0.025,0.104,0.08,-0.004,3,3
Cof,0.09,0.172,0.072,0.032,-0.942,-0.024,0.027,0.032,0.028,0.014,0.011,0.011,0.084,0.026,0.039,0.046,0.019,0.125,0.083,0.051,0.089,3,3
FFV,-0.021,0.036,0.018,0.15,-0.042,-1.061,0.001,0.004,0.025,-0.017,0.073,0.028,0.081,0.202,0.073,0.066,0.225,-0.025,0.031,0.13,0.071,3,3
Spices,0.081,0.14,0.007,0.009,0.083,0.001,-0.982,0.015,0.041,0.198,-0.014,0.024,0.156,0.074,0.039,0.014,-0.023,0.103,0.057,-0.076,0.04,3,3
PBF,0.176,0.139,0.036,0.08,0.055,0.004,0.008,-1.147,0.071,0.035,0.115,0.096,0.102,0.104,0.078,0.008,-0.221,0.054,0.2,-0.017,0.07,3,3
PBD,0.071,0.078,-0.063,0.091,0.037,0.019,0.018,0.054,-1.033,0.041,0.025,0.03,0.194,0.043,0.066,0.04,-0.169,0.214,0.084,0.097,0.035,3,3
PBS,-0.017,0.309,0.002,0.02,0.02,-0.014,0.094,0.03,0.045,-1.109,0.028,0.006,0.199,0.08,-0.07,0.005,-0.06,0.296,-0.048,0.153,0.064,3,3
Starch,0.063,0.094,0.016,0.161,0.024,0.095,-0.011,0.152,0.044,0.044,-1.269,0.062,0.095,0.173,0.115,-0.023,-0.025,-0.002,0.082,0.0,-0.015,3,3
PFV,0.083,0.193,0.025,0.074,0.024,0.035,0.017,0.124,0.051,0.009,0.061,-1.241,0.112,0.124,0.071,0.04,-0.068,0.119,0.085,0.001,0.032,3,3
Beef,0.082,0.086,0.025,0.073,0.043,0.023,0.025,0.03,0.074,0.069,0.021,0.025,-1.08,0.087,0.086,0.032,0.032,0.078,0.077,0.019,0.003,3,3
OM,0.098,0.122,0.028,0.015,0.022,0.093,0.019,0.049,0.026,0.044,0.061,0.045,0.14,-1.345,0.051,0.037,0.139,0.113,0.062,0.099,0.013,3,3
CM,0.073,0.172,0.035,0.113,0.045,0.048,0.014,0.052,0.057,-0.055,0.058,0.036,0.195,0.072,-1.233,0.06,0.054,0.013,0.102,0.053,0.059,3,3
ABF,0.192,0.149,0.069,0.109,0.09,0.073,0.009,0.009,0.058,0.007,-0.02,0.034,0.123,0.088,0.101,-1.381,0.028,0.077,0.026,0.029,-0.034,3,3
Cheese,-0.074,0.17,0.107,0.202,0.01,0.068,-0.004,-0.068,-0.067,-0.021,-0.006,-0.016,0.033,0.09,0.025,0.007,-0.795,0.011,0.014,0.107,-0.111,3,3
Fish,0.016,0.222,0.012,0.02,0.087,-0.01,0.023,0.022,0.111,0.139,-0.001,0.037,0.107,0.096,0.008,0.027,0.015,-1.097,0.072,0.052,0.053,3,3
Dairy,0.135,0.145,0.051,0.126,0.088,0.018,0.019,0.121,0.066,-0.034,0.037,0.04,0.16,0.079,0.093,0.014,0.028,0.109,-1.488,0.021,-0.076,3,3
PrepM,0.011,0.124,0.084,0.093,0.052,0.075,-0.025,-0.01,0.074,0.105,0.0,0.0,0.038,0.122,0.046,0.015,0.204,0.075,0.021,-1.158,0.041,3,3
PrepD,-0.011,0.118,0.006,-0.005,0.1,0.046,0.014,0.045,0.03,0.049,-0.007,0.016,0.006,0.017,0.057,-0.02,-0.236,0.086,-0.082,0.045,-1.629,3,3
Juic,-1.274,0.168,0.158,0.056,0.083,-0.007,0.028,0.092,0.058,0.007,0.032,0.04,0.138,0.106,0.068,0.09,-0.127,0.013,0.139,0.021,0.01,0,2
Alc,0.101,-1.236,0.13,0.039,0.071,0.001,0.021,0.033,0.026,0.11,0.019,0.042,0.042,0.052,0.071,0.033,0.117,0.126,0.078,0.053,0.052,0,2
SD,0.192,0.264,-1.411,0.038,0.088,0.019,0.01,0.031,-0.031,0.023,0.018,0.023,0.065,0.048,0.052,0.046,0.22,0.023,0.087,0.107,0.03,0,2
Wat,0.06,0.07,0.033,-1.419,0.024,0.076,0.004,0.041,0.067,0.022,0.068,0.033,0.109,0.007,0.094,0.051,0.325,0.004,0.129,0.086,0.004,0,2
Cof,0.102,0.148,0.09,0.028,-0.944,-0.029,0.03,0.032,0.034,0.023,0.014,0.014,0.065,0.017,0.045,0.048,-0.007,0.11,0.107,0.055,0.103,0,2
FFV,-0.015,0.005,0.032,0.151,-0.049,-1.066,0.003,0.003,0.032,-0.008,0.079,0.032,0.063,0.201,0.081,0.069,0.209,-0.047,0.051,0.138,0.084,0,2
Spices,0.085,0.109,0.026,0.013,0.074,0.004,-0.98,0.016,0.047,0.184,-0.005,0.028,0.129,0.065,0.045,0.016,-0.028,0.079,0.076,-0.054,0.051,0,2
PBF,0.186,0.112,0.051,0.078,0.052,0.003,0.011,-1.149,0.077,0.046,0.12,0.1,0.085,0.096,0.085,0.009,-0.244,0.035,0.221,-0.014,0.081,0,2
PBD,0.076,0.057,-0.033,0.082,0.036,0.019,0.02,0.05,-1.016,0.05,0.029,0.033,0.161,0.038,0.068,0.038,-0.15,0.173,0.099,0.093,0.047,0,2
PBS,0.008,0.234,0.024,0.026,0.024,-0.005,0.076,0.029,0.049,-1.062,0.031,0.014,0.155,0.067,-0.036,0.011,-0.043,0.22,-0.004,0.13,0.069,0,2
Starch,0.07,0.071,0.033,0.14,0.025,0.082,-0.003,0.13,0.049,0.053,-1.213,0.059,0.077,0.145,0.108,-0.014,-0.026,-0.008,0.096,0.012,0.006,0,2
PFV,0.086,0.153,0.041,0.067,0.025,0.033,0.02,0.108,0.055,0.024,0.058,-1.194,0.092,0.106,0.072,0.038,-0.063,0.093,0.099,0.012,0.045,0,2
Beef,0.1,0.051,0.039,0.074,0.038,0.021,0.03,0.03,0.089,0.088,0.026,0.03,-1.137,0.086,0.102,0.035,-0.003,0.062,0.105,0.017,0.005,0,2
OM,0.115,0.095,0.042,0.007,0.015,0.102,0.023,0.052,0.031,0.057,0.072,0.053,0.129,-1.411,0.059,0.04,0.124,0.101,0.085,0.11,0.019,0,2
CM,0.079,0.137,0.049,0.102,0.042,0.044,0.017,0.049,0.061,-0.033,0.057,0.038,0.164,0.063,-1.191,0.056,0.037,0.002,0.115,0.056,0.067,0,2
ABF,0.197,0.12,0.082,0.104,0.085,0.07,0.012,0.01,0.064,0.019,-0.014,0.038,0.105,0.08,0.105,-1.367,0.008,0.058,0.047,0.033,-0.021,0,2
Cheese,-0.102,0.158,0.146,0.245,-0.005,0.079,-0.007,-0.097,-0.092,-0.027,-0.009,-0.023,-0.003,0.092,0.026,0.003,-0.78,-0.025,0.025,0.13,-0.147,0,2
Fish,0.015,0.232,0.02,0.004,0.098,-0.024,0.028,0.019,0.145,0.189,-0.004,0.047,0.095,0.102,0.002,0.029,-0.034,-1.176,0.102,0.057,0.068,0,2
Dairy,0.117,0.109,0.06,0.101,0.072,0.02,0.021,0.092,0.063,-0.002,0.036,0.038,0.121,0.065,0.083,0.018,0.026,0.078,-1.3,0.033,-0.028,0,2
PrepM,0.023,0.096,0.095,0.087,0.048,0.07,-0.019,-0.007,0.077,0.11,0.006,0.006,0.025,0.11,0.052,0.016,0.174,0.056,0.043,-1.139,0.052,0,2
PrepD,0.01,0.091,0.026,0.004,0.086,0.041,0.017,0.042,0.037,0.056,0.003,0.021,0.007,0.018,0.06,-0.01,-0.19,0.064,-0.035,0.05,-1.48,0,2
Juic,-1.255,0.163,0.145,0.06,0.082,-0.006,0.025,0.088,0.055,0.005,0.03,0.037,0.139,0.108,0.066,0.087,-0.107,0.018,0.137,0.02,0.015,1,2
Alc,0.104,-1.243,0.124,0.044,0.073,0.0,0.019,0.032,0.023,0.108,0.018,0.041,0.046,0.057,0.07,0.033,0.128,0.13,0.079,0.051,0.056,1,2
SD,0.219,0.293,-1.499,0.039,0.097,0.016,0.007,0.03,-0.047,0.016,0.016,0.021,0.067,0.051,0.051,0.049,0.258,0.02,0.092,0.114,0.029,1,2
Wat,0.062,0.07,0.027,-1.378,0.026,0.07,0.003,0.039,0.063,0.02,0.063,0.031,0.111,0.015,0.09,0.049,0.315,0.01,0.125,0.081,0.012,1,2
Cof,0.104,0.145,0.082,0.033,-0.944,-0.029,0.028,0.03,0.031,0.02,0.013,0.013,0.07,0.022,0.044,0.048,0.004,0.112,0.107,0.052,0.105,1,2
FFV,-0.015,-0.001,0.025,0.16,-0.053,-1.072,0.0,0.0,0.028,-0.014,0.081,0.031,0.066,0.213,0.081,0.071,0.227,-0.05,0.051,0.14,0.089,1,2
Spices,0.092,0.109,0.016,0.012,0.079,0.0,-0.982,0.014,0.045,0.198,-0.01,0.027,0.139,0.071,0.044,0.015,-0.03,0.085,0.078,-0.069,0.054,1,2
PBF,0.196,0.111,0.044,0.083,0.053,0.0,0.008,-1.16,0.076,0.043,0.124,0.103,0.089,0.103,0.086,0.008,-0.251,0.037,0.231,-0.02,0.086,1,2
PBD,0.081,0.053,-0.046,0.089,0.036,0.018,0.018,0.05,-1.022,0.048,0.028,0.032,0.171,0.041,0.069,0.039,-0.155,0.184,0.102,0.094,0.05,1,2
PBS,0.007,0.244,0.015,0.028,0.023,-0.009,0.079,0.028,0.047,-1.074,0.03,0.011,0.166,0.072,-0.044,0.01,-0.042,0.236,-0.008,0.134,0.074,1,2
Starch,0.073,0.069,0.026,0.148,0.025,0.083,-0.006,0.133,0.046,0.05,-1.225,0.059,0.082,0.154,0.11,-0.016,-0.02,-0.008,0.098,0.007,0.007,1,2
PFV,0.091,0.155,0.033,0.073,0.024,0.032,0.018,0.112,0.053,0.019,0.059,-1.21,0.097,0.114,0.073,0.039,-0.062,0.098,0.102,0.007,0.047,1,2
Beef,0.1,0.052,0.032,0.077,0.039,0.02,0.028,0.029,0.084,0.082,0.024,0.029,-1.122,0.089,0.099,0.034,0.01,0.064,0.104,0.016,0.011,1,2
OM,0.113,0.093,0.036,0.015,0.018,0.095,0.02,0.048,0.029,0.052,0.067,0.049,0.129,-1.37,0.057,0.038,0.13,0.099,0.084,0.103,0.025,1,2
CM,0.082,0.137,0.043,0.108,0.043,0.043,0.015,0.048,0.058,-0.037,0.057,0.037,0.17,0.067,-1.196,0.057,0.047,0.004,0.117,0.054,0.071,1,2
ABF,0.2,0.118,0.076,0.109,0.086,0.069,0.01,0.008,0.062,0.016,-0.015,0.037,0.109,0.084,0.105,-1.368,0.018,0.061,0.048,0.031,-0.018,1,2
Cheese,-0.079,0.148,0.126,0.225,0.002,0.071,-0.006,-0.083,-0.078,-0.022,-0.006,-0.019,0.011,0.092,0.028,0.006,-0.789,-0.013,0.031,0.117,-0.119,1,2
Fish,0.019,0.224,0.015,0.011,0.096,-0.023,0.026,0.018,0.138,0.179,-0.004,0.044,0.098,0.104,0.003,0.029,-0.019,-1.162,0.102,0.054,0.071,1,2
Dairy,0.118,0.108,0.053,0.104,0.073,0.019,0.019,0.089,0.06,-0.005,0.035,0.036,0.125,0.07,0.082,0.018,0.037,0.08,-1.294,0.031,-0.024,1,2
PrepM,0.024,0.095,0.091,0.093,0.049,0.071,-0.023,-0.011,0.076,0.111,0.004,0.004,0.026,0.117,0.052,0.016,0.19,0.059,0.043,-1.152,0.055,1,2
PrepD,0.015,0.089,0.02,0.011,0.085,0.039,0.015,0.039,0.035,0.052,0.003,0.02,0.015,0.025,0.059,-0.008,-0.165,0.066,-0.028,0.047,-1.445,1,2
Juic,-1.298,0.182,0.157,0.063,0.089,-0.009,0.025,0.096,0.055,-0.005,0.029,0.036,0.152,0.117,0.068,0.095,-0.125,0.018,0.133,0.016,0.004,2,2
Alc,0.094,-1.2,0.115,0.047,0.073,0.003,0.018,0.032,0.023,0.095,0.017,0.036,0.056,0.06,0.067,0.033,0.127,0.127,0.066,0.05,0.049,2,2
SD,0.217,0.308,-1.513,0.041,0.101,0.016,0.006,0.031,-0.051,0.009,0.014,0.018,0.073,0.055,0.051,0.051,0.266,0.024,0.08,0.115,0.022,2,2
Wat,0.056,0.081,0.027,-1.36,0.03,0.069,0.003,0.039,0.06,0.015,0.06,0.028,0.116,0.019,0.088,0.049,0.31,0.016,0.11,0.079,0.007,2,2
Cof,0.095,0.152,0.078,0.036,-0.942,-0.025,0.026,0.031,0.03,0.015,0.012,0.011,0.077,0.027,0.044,0.047,0.013,0.113,0.092,0.052,0.096,2,2
FFV,-0.019,0.011,0.024,0.16,-0.048,-1.069,-0.001,0.002,0.027,-0.019,0.078,0.028,0.073,0.212,0.08,0.07,0.227,-0.043,0.039,0.137,0.081,2,2
Spices,0.088,0.121,0.014,0.011,0.084,-0.001,-0.982,0.013,0.043,0.202,-0.014,0.024,0.15,0.075,0.044,0.015,-0.032,0.092,0.066,-0.078,0.048,2,2
PBF,0.187,0.121,0.043,0.085,0.056,0.002,0.008,-1.154,0.074,0.037,0.119,0.098,0.096,0.105,0.085,0.009,-0.239,0.042,0.215,-0.019,0.079,2,2
PBD,0.076,0.061,-0.051,0.093,0.039,0.018,0.017,0.052,-1.027,0.042,0.026,0.03,0.183,0.044,0.07,0.041,-0.162,0.195,0.092,0.095,0.043,2,2
PBS,-0.008,0.281,0.01,0.025,0.022,-0.014,0.09,0.029,0.046,-1.1,0.029,0.006,0.188,0.079,-0.06,0.008,-0.06,0.274,-0.034,0.149,0.071,2,2
Starch,0.069,0.077,0.024,0.158,0.026,0.089,-0.009,0.144,0.045,0.045,-1.25,0.059,0.088,0.166,0.116,-0.019,-0.025,-0.01,0.089,0.003,-0.004,2,2
PFV,0.089,0.173,0.032,0.077,0.024,0.033,0.017,0.123,0.053,0.01,0.062,-1.241,0.105,0.124,0.076,0.041,-0.074,0.108,0.094,0.002,0.04,2,2
Beef,0.091,0.065,0.032,0.078,0.043,0.021,0.026,0.029,0.079,0.073,0.022,0.026,-1.1,0.089,0.094,0.034,0.02,0.068,0.089,0.018,0.008,2,2
OM,0.104,0.103,0.035,0.019,0.022,0.091,0.019,0.048,0.028,0.046,0.063,0.045,0.133,-1.343,0.056,0.038,0.131,0.101,0.071,0.099,0.021,2,2
CM,0.076,0.147,0.042,0.11,0.046,0.044,0.014,0.049,0.057,-0.044,0.055,0.035,0.178,0.071,-1.199,0.057,0.051,0.008,0.105,0.053,0.065,2,2
ABF,0.191,0.128,0.074,0.11,0.088,0.069,0.009,0.009,0.059,0.01,-0.016,0.034,0.115,0.087,0.103,-1.358,0.024,0.065,0.036,0.03,-0.023,2,2
Cheese,-0.078,0.155,0.121,0.218,0.007,0.069,-0.006,-0.077,-0.074,-0.024,-0.007,-0.019,0.021,0.093,0.028,0.007,-0.792,-0.005,0.021,0.113,-0.116,2,2
Fish,0.016,0.224,0.016,0.017,0.095,-0.019,0.024,0.019,0.128,0.162,-0.004,0.04,0.103,0.103,0.006,0.029,-0.007,-1.141,0.087,0.053,0.063,2,2
Dairy,0.126,0.121,0.055,0.117,0.081,0.018,0.018,0.104,0.063,-0.021,0.036,0.036,0.141,0.076,0.089,0.017,0.032,0.091,-1.386,0.027,-0.048,2,2
PrepM,0.017,0.105,0.091,0.096,0.052,0.072,-0.024,-0.01,0.075,0.106,0.001,0.001,0.032,0.121,0.051,0.016,0.196,0.063,0.03,-1.155,0.049,2,2
PrepD,0.004,0.099,0.017,0.008,0.092,0.041,0.014,0.042,0.032,0.048,-0.002,0.017,0.013,0.024,0.06,-0.012,-0.192,0.072,-0.052,0.046,-1.516,2,2
Juic,-1.377,0.209,0.176,0.065,0.099,-0.014,0.027,0.112,0.056,-0.014,0.03,0.039,0.171,0.13,0.069,0.109,-0.164,0.017,0.143,0.006,-0.011,3,2
Alc,0.081,-1.159,0.102,0.049,0.073,0.007,0.017,0.034,0.023,0.088,0.017,0.035,0.064,0.062,0.062,0.033,0.125,0.127,0.059,0.046,0.044,3,2
SD,0.233,0.35,-1.601,0.039,0.111,0.017,0.004,0.034,-0.066,0.004,0.012,0.017,0.077,0.056,0.049,0.055,0.296,0.026,0.078,0.121,0.012,3,2
Wat,0.047,0.093,0.022,-1.352,0.033,0.071,0.003,0.041,0.058,0.014,0.059,0.028,0.121,0.022,0.084,0.049,0.309,0.024,0.104,0.074,0.002,3,2
Cof,0.085,0.161,0.072,0.038,-0.94,-0.02,0.025,0.033,0.029,0.015,0.012,0.011,0.083,0.03,0.041,0.047,0.019,0.117,0.085,0.047,0.088,3,2
FFV,-0.022,0.03,0.021,0.152,-0.037,-1.058,0.0,0.007,0.026,-0.015,0.073,0.027,0.08,0.2,0.074,0.067,0.217,-0.027,0.035,0.125,0.073,3,2
Spices,0.08,0.133,0.008,0.011,0.087,0.001,-0.983,0.016,0.042,0.206,-0.015,0.024,0.157,0.077,0.041,0.015,-0.033,0.1,0.061,-0.086,0.042,3,2
PBF,0.166,0.13,0.038,0.083,0.057,0.006,0.008,-1.135,0.069,0.035,0.11,0.091,0.1,0.103,0.078,0.011,-0.207,0.051,0.194,-0.017,0.07,3,2
PBD,0.068,0.071,-0.06,0.095,0.04,0.02,0.017,0.056,-1.032,0.041,0.026,0.03,0.193,0.045,0.068,0.042,-0.171,0.209,0.088,0.093,0.037,3,2
PBS,-0.019,0.299,0.004,0.025,0.023,-0.013,0.092,0.031,0.045,-1.106,0.029,0.006,0.197,0.081,-0.067,0.008,-0.062,0.289,-0.043,0.148,0.066,3,2
Starch,0.06,0.088,0.019,0.16,0.028,0.092,-0.01,0.147,0.043,0.044,-1.252,0.06,0.094,0.169,0.113,-0.019,-0.023,-0.003,0.083,-0.001,-0.01,3,2
PFV,0.081,0.185,0.027,0.078,0.026,0.036,0.017,0.126,0.051,0.009,0.062,-1.243,0.111,0.126,0.073,0.042,-0.073,0.116,0.089,-0.003,0.034,3,2
Beef,0.08,0.078,0.027,0.078,0.045,0.024,0.025,0.032,0.075,0.07,0.022,0.025,-1.083,0.089,0.089,0.034,0.026,0.074,0.081,0.015,0.004,3,2
OM,0.094,0.114,0.03,0.021,0.025,0.092,0.019,0.05,0.027,0.044,0.061,0.044,0.137,-1.33,0.053,0.039,0.133,0.107,0.065,0.093,0.016,3,2
CM,0.069,0.161,0.037,0.115,0.048,0.047,0.014,0.053,0.056,-0.05,0.057,0.035,0.189,0.073,-1.218,0.06,0.051,0.012,0.103,0.049,0.06,3,2
ABF,0.178,0.138,0.068,0.109,0.089,0.07,0.008,0.013,0.057,0.01,-0.015,0.033,0.12,0.088,0.099,-1.347,0.028,0.072,0.031,0.027,-0.026,3,2
Cheese,-0.083,0.164,0.113,0.214,0.011,0.07,-0.006,-0.071,-0.072,-0.024,-0.006,-0.018,0.028,0.094,0.026,0.009,-0.793,0.004,0.016,0.107,-0.117,3,2
Fish,0.012,0.221,0.013,0.022,0.092,-0.011,0.023,0.023,0.116,0.146,-0.001,0.038,0.107,0.1,0.008,0.03,0.005,-1.111,0.077,0.048,0.056,3,2
Dairy,0.126,0.135,0.052,0.125,0.088,0.02,0.018,0.116,0.064,-0.029,0.037,0.038,0.153,0.08,0.091,0.017,0.028,0.102,-1.443,0.02,-0.065,3,2
PrepM,0.006,0.117,0.091,0.101,0.055,0.079,-0.029,-0.011,0.077,0.111,-0.001,-0.001,0.032,0.129,0.049,0.016,0.209,0.071,0.022,-1.179,0.043,3,2
PrepD,-0.011,0.11,0.009,0.002,0.1,0.045,0.014,0.046,0.03,0.049,-0.005,0.016,0.009,0.021,0.059,-0.016,-0.225,0.081,-0.072,0.042,-1.595,3,2
Juic,-1.31,0.168,0.166,0.055,0.085,-0.011,0.027,0.097,0.057,0.007,0.032,0.041,0.146,0.116,0.071,0.098,-0.146,0.007,0.16,0.017,0.01,0,1
Alc,0.1,-1.27,0.134,0.037,0.072,-0.002,0.02,0.032,0.022,0.119,0.019,0.043,0.042,0.057,0.074,0.035,0.121,0.13,0.093,0.052,0.057,0,1
SD,0.197,0.268,-1.445,0.035,0.09,0.017,0.008,0.029,-0.039,0.025,0.018,0.022,0.066,0.052,0.053,0.049,0.231,0.018,0.102,0.109,0.033,0,1
Wat,0.055,0.063,0.03,-1.431,0.022,0.075,0.002,0.04,0.065,0.025,0.069,0.033,0.112,0.01,0.096,0.053,0.33,0.0,0.143,0.085,0.008,0,1
Cof,0.099,0.142,0.088,0.026,-0.945,-0.032,0.029,0.031,0.031,0.026,0.014,0.014,0.068,0.02,0.046,0.051,-0.01,0.109,0.121,0.054,0.109,0,1
FFV,-0.023,-0.007,0.029,0.156,-0.056,-1.072,0.0,0.0,0.029,-0.007,0.082,0.032,0.065,0.214,0.084,0.073,0.218,-0.056,0.063,0.141,0.09,0,1
Spices,0.084,0.104,0.02,0.007,0.076,0.0,-0.981,0.014,0.045,0.203,-0.008,0.028,0.137,0.071,0.046,0.017,-0.038,0.08,0.09,-0.067,0.056,0,1
PBF,0.189,0.106,0.048,0.078,0.051,0.0,0.009,-1.16,0.077,0.05,0.125,0.104,0.087,0.104,0.088,0.01,-0.261,0.032,0.243,-0.019,0.087,0,1
PBD,0.073,0.048,-0.041,0.083,0.034,0.018,0.018,0.05,-1.022,0.055,0.029,0.033,0.169,0.042,0.071,0.041,-0.163,0.178,0.114,0.095,0.051,0,1
PBS,0.007,0.216,0.023,0.027,0.024,-0.004,0.07,0.027,0.046,-1.05,0.03,0.015,0.151,0.07,-0.028,0.014,-0.034,0.204,0.015,0.123,0.073,0,1
Starch,0.065,0.064,0.03,0.139,0.024,0.081,-0.005,0.129,0.046,0.056,-1.215,0.059,0.08,0.151,0.11,-0.013,-0.026,-0.012,0.109,0.01,0.011,0,1
PFV,0.081,0.146,0.038,0.066,0.023,0.031,0.018,0.106,0.052,0.027,0.058,-1.193,0.094,0.111,0.073,0.04,-0.063,0.09,0.112,0.011,0.049,0,1
Beef,0.093,0.045,0.036,0.072,0.037,0.02,0.028,0.029,0.085,0.09,0.025,0.03,-1.128,0.09,0.102,0.036,-0.001,0.059,0.117,0.016,0.011,0,1
OM,0.105,0.088,0.04,0.01,0.016,0.094,0.021,0.048,0.03,0.059,0.068,0.05,0.127,-1.367,0.059,0.04,0.12,0.093,0.097,0.104,0.027,0,1
CM,0.073,0.129,0.046,0.1,0.041,0.042,0.015,0.047,0.058,-0.027,0.056,0.038,0.165,0.067,-1.184,0.057,0.038,0.0,0.127,0.055,0.072,0,1
ABF,0.183,0.111,0.077,0.1,0.081,0.066,0.01,0.009,0.06,0.024,-0.012,0.037,0.106,0.083,0.103,-1.34,0.012,0.055,0.062,0.033,-0.012,0,1
Cheese,-0.107,0.151,0.143,0.244,-0.006,0.078,-0.009,-0.099,-0.095,-0.023,-0.01,-0.023,-0.001,0.097,0.027,0.005,-0.78,-0.028,0.038,0.129,-0.142,0,1
Fish,0.007,0.234,0.016,0.0,0.1,-0.029,0.027,0.017,0.149,0.202,-0.006,0.048,0.098,0.11,0.0,0.031,-0.04,-1.192,0.118,0.056,0.074,0,1
Dairy,0.101,0.099,0.054,0.091,0.066,0.019,0.018,0.079,0.057,0.009,0.034,0.036,0.116,0.068,0.078,0.021,0.033,0.07,-1.226,0.035,-0.01,0,1
Juic,-1.286,0.161,0.154,0.058,0.082,-0.01,0.024,0.091,0.055,0.001,0.031,0.038,0.147,0.116,0.071,0.095,-0.122,0.013,0.152,0.018,0.017,1,1
Alc,0.104,-1.283,0.132,0.039,0.073,-0.004,0.018,0.031,0.02,0.113,0.018,0.042,0.045,0.061,0.076,0.036,0.134,0.136,0.09,0.051,0.061,1,1
SD,0.217,0.288,-1.507,0.036,0.095,0.015,0.005,0.028,-0.049,0.015,0.016,0.02,0.07,0.055,0.055,0.052,0.261,0.018,0.101,0.115,0.034,1,1
Wat,0.058,0.061,0.026,-1.404,0.023,0.072,0.001,0.038,0.063,0.018,0.066,0.031,0.115,0.016,0.095,0.053,0.329,0.007,0.137,0.083,0.015,1,1
Cof,0.103,0.141,0.084,0.028,-0.946,-0.033,0.027,0.029,0.03,0.018,0.013,0.012,0.072,0.024,0.047,0.052,0.0,0.114,0.119,0.053,0.114,1,1
FFV,-0.022,-0.012,0.024,0.161,-0.059,-1.075,-0.002,-0.002,0.027,-0.017,0.083,0.031,0.069,0.221,0.085,0.075,0.232,-0.054,0.059,0.143,0.095,1,1
Spices,0.091,0.104,0.013,0.004,0.081,-0.004,-0.983,0.011,0.045,0.218,-0.014,0.027,0.15,0.077,0.047,0.016,-0.042,0.088,0.088,-0.084,0.06,1,1
PBF,0.2,0.104,0.044,0.082,0.051,-0.002,0.006,-1.172,0.077,0.042,0.13,0.107,0.093,0.11,0.091,0.01,-0.269,0.034,0.249,-0.024,0.093,1,1
PBD,0.077,0.044,-0.049,0.087,0.033,0.017,0.016,0.05,-1.025,0.047,0.029,0.032,0.177,0.045,0.073,0.042,-0.161,0.186,0.112,0.095,0.055,1,1
PBS,0.002,0.239,0.014,0.024,0.02,-0.01,0.079,0.026,0.046,-1.077,0.03,0.011,0.171,0.077,-0.043,0.012,-0.044,0.239,-0.001,0.136,0.08,1,1
Starch,0.069,0.061,0.025,0.144,0.023,0.082,-0.008,0.13,0.045,0.049,-1.222,0.058,0.085,0.157,0.112,-0.013,-0.018,-0.009,0.107,0.008,0.014,1,1
PFV,0.087,0.148,0.033,0.07,0.021,0.031,0.016,0.112,0.052,0.018,0.06,-1.214,0.1,0.119,0.076,0.042,-0.063,0.097,0.112,0.007,0.053,1,1
Beef,0.094,0.045,0.032,0.074,0.037,0.02,0.025,0.027,0.081,0.08,0.025,0.028,-1.112,0.092,0.1,0.037,0.014,0.062,0.112,0.017,0.018,1,1
OM,0.105,0.085,0.035,0.015,0.017,0.089,0.018,0.045,0.029,0.051,0.064,0.047,0.128,-1.337,0.059,0.04,0.128,0.094,0.092,0.099,0.033,1,1
CM,0.076,0.126,0.042,0.102,0.041,0.041,0.013,0.045,0.056,-0.034,0.055,0.036,0.168,0.071,-1.179,0.057,0.05,0.005,0.123,0.054,0.076,1,1
ABF,0.182,0.108,0.071,0.101,0.079,0.064,0.008,0.009,0.058,0.017,-0.011,0.035,0.109,0.086,0.102,-1.327,0.025,0.058,0.059,0.033,-0.005,1,1
Cheese,-0.082,0.139,0.125,0.219,0.0,0.07,-0.008,-0.083,-0.077,-0.022,-0.005,-0.018,0.015,0.095,0.031,0.009,-0.79,-0.014,0.041,0.117,-0.11,1,1
Juic,-1.317,0.182,0.164,0.063,0.089,-0.011,0.025,0.098,0.055,-0.006,0.03,0.037,0.156,0.122,0.071,0.1,-0.137,0.014,0.141,0.014,0.004,2,1
Alc,0.093,-1.215,0.119,0.046,0.072,0.002,0.017,0.032,0.022,0.098,0.017,0.037,0.055,0.063,0.07,0.035,0.127,0.127,0.072,0.049,0.052,2,1
SD,0.211,0.299,-1.499,0.041,0.098,0.016,0.005,0.03,-0.049,0.01,0.015,0.018,0.074,0.057,0.053,0.052,0.26,0.022,0.085,0.113,0.025,2,1
Wat,0.054,0.078,0.027,-1.362,0.028,0.069,0.002,0.038,0.06,0.015,0.061,0.028,0.117,0.022,0.09,0.051,0.309,0.014,0.116,0.078,0.009,2,1
Cof,0.095,0.15,0.081,0.035,-0.943,-0.027,0.025,0.03,0.029,0.015,0.012,0.01,0.077,0.029,0.046,0.05,0.008,0.112,0.099,0.051,0.1,2,1
FFV,-0.022,0.007,0.025,0.16,-0.05,-1.069,-0.002,0.001,0.026,-0.018,0.079,0.028,0.074,0.215,0.082,0.073,0.225,-0.045,0.044,0.136,0.084,2,1
Spices,0.088,0.119,0.013,0.008,0.085,-0.003,-0.983,0.012,0.044,0.216,-0.016,0.025,0.155,0.079,0.045,0.016,-0.043,0.092,0.072,-0.088,0.05,2,1
PBF,0.186,0.117,0.044,0.085,0.054,0.001,0.006,-1.157,0.074,0.037,0.121,0.099,0.096,0.109,0.087,0.011,-0.246,0.039,0.222,-0.021,0.081,2,1
PBD,0.073,0.057,-0.05,0.093,0.037,0.018,0.016,0.052,-1.028,0.043,0.027,0.03,0.184,0.046,0.072,0.043,-0.166,0.193,0.097,0.095,0.046,2,1
PBS,-0.009,0.274,0.012,0.025,0.021,-0.013,0.087,0.028,0.046,-1.097,0.03,0.007,0.186,0.081,-0.056,0.01,-0.059,0.267,-0.027,0.146,0.073,2,1
Starch,0.066,0.074,0.025,0.155,0.026,0.087,-0.01,0.139,0.045,0.045,-1.24,0.058,0.089,0.165,0.115,-0.015,-0.023,-0.01,0.093,0.004,0.001,2,1
PFV,0.087,0.169,0.033,0.077,0.023,0.033,0.016,0.122,0.052,0.011,0.063,-1.24,0.106,0.127,0.078,0.043,-0.076,0.105,0.099,0.001,0.042,2,1
Beef,0.088,0.061,0.033,0.077,0.041,0.021,0.025,0.029,0.078,0.073,0.023,0.026,-1.098,0.092,0.096,0.036,0.018,0.065,0.094,0.017,0.01,2,1
OM,0.099,0.099,0.036,0.021,0.022,0.088,0.018,0.047,0.028,0.046,0.062,0.044,0.131,-1.323,0.057,0.04,0.127,0.097,0.076,0.096,0.024,2,1
CM,0.073,0.142,0.042,0.108,0.045,0.043,0.013,0.047,0.056,-0.04,0.054,0.034,0.174,0.073,-1.187,0.058,0.049,0.007,0.108,0.052,0.066,2,1
ABF,0.177,0.122,0.072,0.106,0.083,0.065,0.008,0.01,0.057,0.013,-0.012,0.033,0.113,0.087,0.1,-1.326,0.026,0.062,0.043,0.031,-0.015,2,1
Cheese,-0.085,0.153,0.124,0.223,0.005,0.071,-0.008,-0.08,-0.077,-0.026,-0.007,-0.02,0.02,0.097,0.03,0.009,-0.791,-0.009,0.025,0.114,-0.119,2,1
Fish,0.012,0.225,0.016,0.015,0.095,-0.021,0.023,0.019,0.132,0.168,-0.004,0.041,0.104,0.108,0.007,0.032,-0.014,-1.152,0.093,0.052,0.066,2,1
Dairy,0.117,0.116,0.054,0.112,0.077,0.019,0.017,0.097,0.061,-0.016,0.035,0.035,0.137,0.077,0.087,0.02,0.033,0.085,-1.344,0.028,-0.037,2,1
PrepM,0.015,0.102,0.092,0.096,0.051,0.073,-0.026,-0.011,0.075,0.107,0.002,0.0,0.032,0.125,0.053,0.018,0.195,0.061,0.035,-1.159,0.051,2,1
PrepD,0.004,0.096,0.019,0.01,0.089,0.04,0.013,0.041,0.032,0.048,0.0,0.017,0.017,0.028,0.061,-0.008,-0.182,0.069,-0.042,0.046,-1.488,2,1
Juic,-1.398,0.207,0.184,0.065,0.101,-0.017,0.027,0.116,0.057,-0.016,0.031,0.041,0.177,0.137,0.072,0.116,-0.183,0.016,0.15,0.003,-0.013,3,1
Alc,0.081,-1.181,0.107,0.048,0.074,0.006,0.017,0.035,0.021,0.091,0.017,0.036,0.065,0.065,0.065,0.037,0.121,0.132,0.063,0.045,0.044,3,1
SD,0.226,0.337,-1.583,0.04,0.109,0.017,0.003,0.034,-0.064,0.005,0.013,0.018,0.079,0.059,0.051,0.058,0.284,0.028,0.08,0.118,0.014,3,1
Wat,0.045,0.086,0.023,-1.355,0.033,0.071,0.002,0.042,0.057,0.014,0.06,0.028,0.124,0.025,0.086,0.053,0.303,0.025,0.107,0.073,0.002,3,1
Cof,0.083,0.154,0.072,0.038,-0.94,-0.021,0.025,0.034,0.028,0.015,0.013,0.012,0.085,0.034,0.043,0.05,0.011,0.118,0.088,0.046,0.088,3,1
FFV,-0.025,0.022,0.021,0.154,-0.039,-1.06,-0.001,0.007,0.025,-0.016,0.074,0.028,0.082,0.207,0.077,0.071,0.213,-0.028,0.037,0.125,0.074,3,1
Spices,0.08,0.127,0.008,0.009,0.089,-0.001,-0.983,0.016,0.041,0.214,-0.016,0.025,0.162,0.082,0.042,0.018,-0.045,0.102,0.065,-0.092,0.042,3,1
PBF,0.161,0.123,0.039,0.082,0.057,0.006,0.007,-1.13,0.067,0.035,0.109,0.09,0.102,0.106,0.079,0.015,-0.207,0.051,0.194,-0.017,0.07,3,1
PBD,0.067,0.063,-0.061,0.096,0.04,0.019,0.017,0.057,-1.034,0.042,0.027,0.031,0.197,0.048,0.07,0.046,-0.184,0.213,0.092,0.093,0.038,3,1
PBS,-0.02,0.291,0.005,0.025,0.024,-0.013,0.091,0.032,0.044,-1.105,0.03,0.006,0.198,0.085,-0.064,0.011,-0.068,0.288,-0.039,0.146,0.066,3,1
Starch,0.058,0.082,0.02,0.157,0.029,0.09,-0.01,0.145,0.043,0.044,-1.245,0.059,0.096,0.17,0.113,-0.014,-0.028,-0.001,0.086,-0.001,-0.008,3,1
PFV,0.078,0.177,0.028,0.077,0.027,0.035,0.016,0.124,0.05,0.01,0.061,-1.235,0.113,0.128,0.074,0.045,-0.076,0.115,0.091,-0.003,0.035,3,1
Beef,0.077,0.073,0.028,0.077,0.046,0.023,0.024,0.032,0.073,0.069,0.023,0.026,-1.076,0.092,0.089,0.038,0.021,0.075,0.084,0.015,0.006,3,1
OM,0.089,0.108,0.031,0.023,0.027,0.087,0.018,0.049,0.026,0.044,0.059,0.043,0.137,-1.303,0.054,0.041,0.122,0.105,0.067,0.089,0.018,3,1
CM,0.066,0.153,0.038,0.112,0.048,0.046,0.013,0.053,0.055,-0.047,0.056,0.035,0.188,0.077,-1.206,0.062,0.045,0.014,0.104,0.048,0.06,3,1
ABF,0.161,0.129,0.065,0.103,0.085,0.065,0.009,0.015,0.054,0.013,-0.011,0.032,0.119,0.089,0.094,-1.301,0.027,0.072,0.036,0.028,-0.018,3,1
Cheese,-0.097,0.163,0.122,0.228,0.007,0.074,-0.008,-0.079,-0.083,-0.029,-0.008,-0.021,0.025,0.101,0.026,0.01,-0.789,-0.001,0.016,0.112,-0.131,3,1
Fish,0.01,0.214,0.014,0.022,0.092,-0.012,0.022,0.024,0.115,0.146,0.0,0.038,0.109,0.103,0.01,0.033,-0.001,-1.109,0.08,0.047,0.056,3,1
Dairy,0.119,0.127,0.052,0.121,0.085,0.019,0.017,0.111,0.062,-0.025,0.037,0.038,0.152,0.083,0.09,0.021,0.024,0.1,-1.412,0.02,-0.058,3,1
PrepM,0.003,0.111,0.093,0.101,0.055,0.08,-0.03,-0.012,0.077,0.114,-0.001,-0.001,0.033,0.135,0.051,0.019,0.205,0.072,0.025,-1.186,0.043,3,1
PrepD,-0.012,0.104,0.01,0.003,0.1,0.045,0.013,0.047,0.029,0.049,-0.004,0.017,0.013,0.026,0.06,-0.012,-0.228,0.082,-0.067,0.041,-1.587,3,1
Juic,-1.345,0.178,0.173,0.05,0.085,-0.013,0.026,0.103,0.06,0.0,0.034,0.042,0.154,0.124,0.072,0.104,-0.169,0.002,0.168,0.016,0.006,0,0
Alc,0.094,-1.257,0.128,0.032,0.068,0.0,0.018,0.031,0.024,0.114,0.02,0.042,0.045,0.06,0.073,0.035,0.114,0.126,0.093,0.054,0.058,0,0
SD,0.204,0.285,-1.486,0.028,0.09,0.017,0.006,0.029,-0.044,0.02,0.018,0.022,0.067,0.055,0.053,0.051,0.238,0.014,0.105,0.116,0.032,0,0
Wat,0.052,0.063,0.025,-1.501,0.016,0.083,-0.001,0.041,0.069,0.019,0.075,0.034,0.119,0.007,0.102,0.057,0.36,-0.007,0.153,0.092,0.002,0,0
Cof,0.099,0.149,0.088,0.018,-0.948,-0.035,0.028,0.03,0.031,0.022,0.014,0.012,0.069,0.021,0.046,0.053,-0.021,0.113,0.126,0.056,0.113,0,0
FFV,-0.024,0.0,0.026,0.145,-0.054,-1.067,0.0,0.001,0.03,-0.008,0.08,0.032,0.067,0.209,0.082,0.071,0.205,-0.052,0.065,0.139,0.089,0,0
Spices,0.082,0.108,0.016,-0.002,0.076,-0.001,-0.983,0.012,0.046,0.213,-0.01,0.028,0.144,0.075,0.046,0.016,-0.053,0.081,0.092,-0.074,0.056,0,0
PBF,0.187,0.109,0.045,0.072,0.048,0.001,0.007,-1.163,0.078,0.047,0.127,0.105,0.09,0.107,0.088,0.01,-0.272,0.03,0.247,-0.018,0.088,0,0
PBD,0.068,0.051,-0.043,0.077,0.031,0.019,0.017,0.049,-1.02,0.051,0.03,0.033,0.169,0.045,0.07,0.041,-0.165,0.174,0.115,0.096,0.052,0,0
PBS,0.0,0.228,0.018,0.019,0.02,-0.005,0.073,0.027,0.047,-1.06,0.031,0.014,0.158,0.074,-0.034,0.013,-0.047,0.214,0.012,0.13,0.074,0,0
Starch,0.061,0.067,0.027,0.13,0.021,0.08,-0.006,0.126,0.047,0.053,-1.207,0.058,0.082,0.151,0.108,-0.011,-0.029,-0.011,0.11,0.013,0.012,0,0
PFV,0.078,0.149,0.034,0.061,0.02,0.033,0.017,0.107,0.053,0.024,0.059,-1.197,0.096,0.114,0.073,0.04,-0.07,0.089,0.114,0.012,0.05,0,0
Beef,0.088,0.049,0.033,0.066,0.034,0.021,0.027,0.028,0.085,0.086,0.026,0.03,-1.121,0.092,0.1,0.036,-0.004,0.058,0.117,0.019,0.013,0,0
OM,0.098,0.09,0.037,0.006,0.014,0.092,0.019,0.047,0.031,0.056,0.066,0.049,0.126,-1.343,0.058,0.04,0.112,0.09,0.097,0.103,0.029,0,0
CM,0.07,0.132,0.043,0.094,0.038,0.043,0.014,0.047,0.059,-0.031,0.057,0.038,0.167,0.07,-1.186,0.057,0.032,-0.001,0.129,0.057,0.072,0,0
ABF,0.178,0.114,0.074,0.093,0.078,0.067,0.009,0.009,0.061,0.021,-0.01,0.037,0.107,0.085,0.102,-1.336,0.007,0.054,0.063,0.035,-0.01,0,0
Cheese,-0.124,0.159,0.149,0.254,-0.013,0.083,-0.012,-0.11,-0.105,-0.033,-0.012,-0.028,-0.006,0.104,0.025,0.003,-0.773,-0.035,0.036,0.137,-0.159,0,0
Fish,0.002,0.24,0.012,-0.007,0.098,-0.029,0.026,0.017,0.152,0.203,-0.006,0.048,0.101,0.114,-0.001,0.032,-0.048,-1.199,0.12,0.058,0.074,0,0
Dairy,0.097,0.102,0.051,0.085,0.063,0.021,0.017,0.078,0.058,0.006,0.035,0.035,0.118,0.071,0.077,0.021,0.028,0.069,-1.22,0.037,-0.008,0,0
PrepM,0.015,0.092,0.088,0.08,0.044,0.069,-0.021,-0.009,0.075,0.11,0.007,0.006,0.03,0.117,0.053,0.019,0.168,0.052,0.058,-1.136,0.057,0,0
PrepD,0.005,0.087,0.021,0.001,0.078,0.039,0.014,0.038,0.036,0.056,0.005,0.021,0.018,0.029,0.06,-0.005,-0.172,0.059,-0.012,0.05,-1.428,0,0
Juic,-1.333,0.172,0.168,0.056,0.084,-0.014,0.023,0.1,0.057,-0.004,0.032,0.039,0.156,0.127,0.075,0.104,-0.154,0.006,0.168,0.014,0.013,1,0
Alc,0.098,-1.277,0.131,0.037,0.069,-0.003,0.016,0.031,0.02,0.112,0.018,0.041,0.048,0.065,0.077,0.038,0.125,0.132,0.097,0.051,0.062,1,0
SD,0.209,0.286,-1.5,0.034,0.091,0.015,0.003,0.029,-0.048,0.014,0.017,0.02,0.071,0.059,0.056,0.054,0.251,0.016,0.108,0.114,0.036,1,0
Wat,0.053,0.062,0.026,-1.427,0.019,0.074,-0.002,0.039,0.063,0.017,0.068,0.031,0.118,0.019,0.098,0.056,0.332,0.002,0.147,0.084,0.014,1,0
Cof,0.1,0.146,0.088,0.024,-0.948,-0.037,0.026,0.03,0.029,0.016,0.013,0.01,0.073,0.025,0.049,0.055,-0.013,0.116,0.128,0.053,0.119,1,0
FFV,-0.028,-0.011,0.025,0.158,-0.061,-1.075,-0.004,-0.002,0.027,-0.017,0.083,0.03,0.071,0.225,0.087,0.076,0.224,-0.057,0.067,0.142,0.096,1,0
Spices,0.092,0.108,0.009,-0.007,0.084,-0.008,-0.985,0.008,0.045,0.246,-0.019,0.027,0.162,0.083,0.048,0.016,-0.07,0.091,0.097,-0.106,0.06,1,0
PBF,0.193,0.105,0.045,0.08,0.048,-0.001,0.004,-1.171,0.077,0.042,0.129,0.106,0.094,0.114,0.093,0.011,-0.275,0.032,0.256,-0.023,0.094,1,0
PBD,0.071,0.045,-0.049,0.085,0.03,0.017,0.015,0.05,-1.026,0.046,0.029,0.031,0.179,0.049,0.074,0.044,-0.171,0.185,0.12,0.095,0.056,1,0
PBS,-0.005,0.243,0.014,0.022,0.017,-0.01,0.078,0.027,0.046,-1.079,0.031,0.01,0.173,0.081,-0.042,0.014,-0.054,0.239,0.005,0.137,0.081,1,0
Starch,0.063,0.062,0.026,0.141,0.02,0.081,-0.01,0.129,0.045,0.048,-1.219,0.057,0.086,0.16,0.113,-0.011,-0.025,-0.011,0.114,0.008,0.015,1,0
PFV,0.082,0.151,0.033,0.068,0.018,0.032,0.014,0.114,0.052,0.017,0.061,-1.22,0.102,0.124,0.078,0.044,-0.074,0.095,0.12,0.006,0.054,1,0
Beef,0.088,0.047,0.032,0.071,0.034,0.02,0.023,0.027,0.08,0.079,0.025,0.027,-1.106,0.095,0.1,0.038,0.007,0.059,0.118,0.018,0.02,1,0
OM,0.096,0.086,0.036,0.015,0.016,0.085,0.016,0.044,0.029,0.049,0.062,0.045,0.127,-1.308,0.06,0.041,0.116,0.089,0.098,0.096,0.036,1,0
CM,0.07,0.126,0.042,0.098,0.038,0.041,0.011,0.045,0.055,-0.032,0.054,0.035,0.167,0.074,-1.171,0.058,0.042,0.004,0.129,0.053,0.076,1,0
ABF,0.169,0.108,0.07,0.096,0.075,0.062,0.007,0.01,0.057,0.018,-0.009,0.034,0.11,0.088,0.101,-1.306,0.02,0.055,0.067,0.033,0.0,1,0
Cheese,-0.103,0.147,0.135,0.236,-0.007,0.075,-0.012,-0.095,-0.091,-0.029,-0.008,-0.024,0.009,0.103,0.03,0.008,-0.784,-0.023,0.044,0.124,-0.129,1,0
Fish,0.006,0.228,0.013,0.002,0.095,-0.028,0.023,0.016,0.145,0.19,-0.006,0.045,0.104,0.116,0.004,0.034,-0.034,-1.185,0.121,0.055,0.079,1,0
Dairy,0.096,0.097,0.05,0.09,0.062,0.019,0.014,0.076,0.055,0.002,0.034,0.033,0.121,0.075,0.079,0.024,0.038,0.071,-1.208,0.034,-0.001,1,0
PrepM,0.014,0.088,0.091,0.088,0.044,0.07,-0.027,-0.012,0.075,0.109,0.004,0.003,0.031,0.125,0.056,0.02,0.183,0.055,0.059,-1.152,0.062,1,0
PrepD,0.01,0.083,0.022,0.011,0.075,0.036,0.012,0.037,0.034,0.05,0.006,0.019,0.027,0.036,0.062,0.0,-0.146,0.06,-0.002,0.047,-1.385,1,0
Juic,-1.342,0.186,0.173,0.06,0.089,-0.013,0.024,0.103,0.055,-0.009,0.032,0.038,0.16,0.128,0.073,0.107,-0.156,0.007,0.152,0.012,0.003,2,0
Alc,0.09,-1.22,0.121,0.043,0.07,0.002,0.016,0.032,0.021,0.098,0.018,0.037,0.055,0.065,0.071,0.038,0.122,0.124,0.077,0.049,0.054,2,0
SD,0.202,0.291,-1.479,0.039,0.093,0.017,0.004,0.03,-0.047,0.011,0.016,0.018,0.075,0.059,0.053,0.054,0.248,0.019,0.089,0.11,0.028,2,0
Wat,0.051,0.075,0.028,-1.387,0.025,0.072,0.0,0.039,0.06,0.014,0.064,0.028,0.119,0.022,0.092,0.055,0.315,0.008,0.124,0.08,0.009,2,0
Cof,0.094,0.152,0.085,0.031,-0.945,-0.029,0.025,0.031,0.028,0.014,0.013,0.01,0.077,0.029,0.046,0.054,-0.002,0.111,0.107,0.051,0.104,2,0
FFV,-0.024,0.007,0.027,0.155,-0.051,-1.067,-0.003,0.002,0.026,-0.017,0.079,0.028,0.074,0.214,0.082,0.075,0.217,-0.048,0.05,0.135,0.085,2,0
Spices,0.09,0.12,0.011,-0.001,0.087,-0.006,-0.984,0.01,0.043,0.237,-0.019,0.025,0.163,0.083,0.046,0.018,-0.064,0.092,0.08,-0.104,0.052,2,0
PBF,0.183,0.116,0.046,0.082,0.052,0.002,0.005,-1.157,0.073,0.037,0.122,0.099,0.096,0.111,0.088,0.014,-0.251,0.035,0.228,-0.021,0.083,2,0
PBD,0.071,0.055,-0.052,0.091,0.034,0.018,0.015,0.053,-1.031,0.043,0.029,0.03,0.187,0.048,0.073,0.046,-0.179,0.193,0.104,0.096,0.047,2,0
PBS,-0.012,0.274,0.013,0.022,0.018,-0.013,0.086,0.028,0.045,-1.098,0.031,0.007,0.187,0.083,-0.056,0.013,-0.066,0.264,-0.022,0.146,0.075,2,0
Starch,0.062,0.074,0.027,0.147,0.024,0.084,-0.01,0.134,0.043,0.044,-1.227,0.056,0.089,0.163,0.112,-0.011,-0.024,-0.011,0.097,0.006,0.005,2,0
PFV,0.084,0.169,0.034,0.074,0.02,0.034,0.015,0.123,0.051,0.011,0.064,-1.242,0.106,0.129,0.078,0.046,-0.083,0.102,0.105,0.001,0.044,2,0
Beef,0.085,0.06,0.034,0.074,0.039,0.022,0.023,0.029,0.077,0.073,0.024,0.026,-1.097,0.094,0.096,0.039,0.013,0.061,0.099,0.017,0.012,2,0
OM,0.095,0.098,0.037,0.019,0.02,0.087,0.016,0.046,0.028,0.045,0.061,0.043,0.13,-1.308,0.057,0.042,0.12,0.091,0.081,0.094,0.027,2,0
CM,0.07,0.14,0.044,0.104,0.042,0.043,0.012,0.047,0.054,-0.04,0.055,0.034,0.174,0.075,-1.184,0.061,0.044,0.004,0.114,0.052,0.068,2,0
ABF,0.163,0.119,0.07,0.099,0.078,0.062,0.007,0.012,0.054,0.014,-0.008,0.032,0.111,0.087,0.096,-1.292,0.025,0.057,0.05,0.032,-0.007,2,0
Cheese,-0.098,0.156,0.132,0.232,-0.001,0.074,-0.011,-0.088,-0.087,-0.03,-0.008,-0.023,0.015,0.101,0.029,0.01,-0.787,-0.018,0.028,0.119,-0.13,2,0
Fish,0.006,0.234,0.015,0.008,0.097,-0.024,0.023,0.018,0.138,0.179,-0.005,0.042,0.106,0.114,0.004,0.035,-0.027,-1.173,0.102,0.053,0.069,2,0
Dairy,0.108,0.113,0.054,0.104,0.072,0.02,0.015,0.091,0.058,-0.012,0.035,0.034,0.133,0.078,0.084,0.023,0.032,0.079,-1.303,0.029,-0.027,2,0
PrepM,0.012,0.1,0.094,0.094,0.048,0.073,-0.028,-0.011,0.074,0.107,0.003,0.0,0.032,0.127,0.054,0.021,0.19,0.057,0.041,-1.159,0.053,2,0
PrepD,0.002,0.095,0.021,0.009,0.085,0.04,0.012,0.04,0.032,0.047,0.002,0.017,0.02,0.032,0.061,-0.004,-0.178,0.064,-0.033,0.046,-1.467,2,0
Juic,-1.468,0.216,0.208,0.066,0.106,-0.022,0.028,0.129,0.059,-0.023,0.032,0.043,0.186,0.15,0.077,0.13,-0.226,0.007,0.168,-0.002,-0.021,3,0
Alc,0.078,-1.203,0.113,0.048,0.072,0.005,0.016,0.035,0.019,0.095,0.017,0.037,0.06,0.068,0.068,0.037,0.118,0.134,0.067,0.046,0.045,3,0
SD,0.211,0.319,-1.547,0.041,0.103,0.019,0.003,0.034,-0.06,0.007,0.013,0.018,0.077,0.062,0.051,0.057,0.267,0.028,0.082,0.115,0.016,3,0
Wat,0.04,0.081,0.025,-1.354,0.03,0.072,0.001,0.042,0.056,0.014,0.059,0.028,0.121,0.027,0.087,0.053,0.298,0.023,0.11,0.075,0.003,3,0
Cof,0.08,0.152,0.077,0.037,-0.942,-0.023,0.024,0.034,0.026,0.015,0.012,0.011,0.082,0.034,0.044,0.052,0.002,0.12,0.094,0.048,0.092,3,0
FFV,-0.028,0.019,0.024,0.15,-0.039,-1.056,-0.001,0.008,0.024,-0.014,0.072,0.027,0.08,0.204,0.076,0.07,0.203,-0.026,0.041,0.124,0.074,3,0
Spices,0.077,0.123,0.008,0.005,0.089,-0.002,-0.984,0.015,0.041,0.228,-0.019,0.025,0.165,0.085,0.043,0.018,-0.06,0.104,0.069,-0.101,0.043,3,0
PBF,0.155,0.117,0.041,0.082,0.054,0.007,0.006,-1.13,0.066,0.036,0.108,0.089,0.099,0.107,0.08,0.016,-0.211,0.05,0.197,-0.015,0.071,3,0
PBD,0.062,0.056,-0.063,0.097,0.037,0.02,0.016,0.058,-1.038,0.042,0.027,0.031,0.198,0.05,0.072,0.047,-0.199,0.216,0.097,0.097,0.038,3,0
PBS,-0.024,0.283,0.008,0.025,0.021,-0.011,0.088,0.032,0.043,-1.102,0.029,0.006,0.194,0.087,-0.061,0.012,-0.071,0.282,-0.035,0.146,0.067,3,0
Starch,0.053,0.076,0.022,0.159,0.026,0.092,-0.011,0.147,0.041,0.044,-1.251,0.06,0.093,0.174,0.116,-0.014,-0.035,-0.004,0.09,-0.001,-0.008,3,0
PFV,0.073,0.172,0.03,0.078,0.024,0.036,0.015,0.126,0.049,0.01,0.062,-1.24,0.11,0.132,0.075,0.046,-0.083,0.114,0.095,-0.002,0.036,3,0
Beef,0.073,0.066,0.03,0.077,0.042,0.024,0.023,0.033,0.073,0.071,0.022,0.026,-1.085,0.095,0.092,0.038,0.014,0.073,0.088,0.015,0.006,3,0
OM,0.082,0.102,0.033,0.024,0.025,0.087,0.017,0.049,0.026,0.044,0.058,0.042,0.132,-1.29,0.055,0.042,0.116,0.102,0.07,0.089,0.02,3,0
CM,0.06,0.146,0.04,0.111,0.045,0.047,0.012,0.052,0.053,-0.045,0.055,0.035,0.183,0.078,-1.199,0.062,0.041,0.014,0.106,0.049,0.061,3,0
ABF,0.153,0.123,0.066,0.103,0.081,0.065,0.008,0.016,0.052,0.013,-0.01,0.032,0.116,0.09,0.094,-1.294,0.023,0.07,0.04,0.029,-0.016,3,0
Cheese,-0.112,0.161,0.13,0.24,0.001,0.078,-0.011,-0.087,-0.092,-0.033,-0.01,-0.024,0.017,0.105,0.026,0.01,-0.785,-0.007,0.017,0.118,-0.142,3,0
Fish,0.004,0.211,0.016,0.022,0.09,-0.012,0.021,0.024,0.116,0.149,-0.001,0.038,0.106,0.107,0.01,0.034,-0.008,-1.116,0.084,0.049,0.058,3,0
Dairy,0.109,0.12,0.053,0.117,0.08,0.021,0.016,0.107,0.059,-0.021,0.036,0.036,0.146,0.083,0.088,0.022,0.022,0.096,-1.381,0.023,-0.051,3,0
PrepM,-0.001,0.105,0.093,0.1,0.052,0.079,-0.03,-0.01,0.075,0.112,0.0,-0.001,0.032,0.135,0.052,0.02,0.196,0.07,0.029,-1.177,0.044,3,0
PrepD,-0.016,0.098,0.013,0.004,0.096,0.045,0.012,0.047,0.028,0.049,-0.004,0.017,0.012,0.029,0.061,-0.01,-0.226,0.08,-0.061,0.042,-1.571,3,0
