loyer_impute,1.400375394143792,2017

poste_01_1_1_1,1.0230051504550812,2017

poste_01_1_1_2,1.0230051504550812,2017

poste_01_1_1_3,1.0230051504550812,2017

poste_01_1_1_4,1.0230051504550812,2017

poste_01_1_1_5,1.0230051504550812,2017

poste_01_1_2_1,1.1039061118485154,2017

poste_01_1_2_2,1.1039061118485154,2017

poste_01_1_2_3,1.1039061118485154,2017

poste_01_1_2_4,1.1039061118485154,2017

poste_01_1_2_5,1.1039061118485154,2017

poste_01_1_2_6,1.1039061118485154,2017

poste_01_1_2_7,1.1039061118485154,2017

poste_01_1_3_0,0.8678331329632368,2017

poste_01_1_3_1,0.8678331329632368,2017

poste_01_1_3_2,0.8678331329632368,2017

poste_01_1_3_3,0.8678331329632368,2017

poste_01_1_3_4,0.8678331329632368,2017

poste_01_1_4_1,1.1221969713097772,2017

poste_01_1_4_2,1.1221969713097772,2017

poste_01_1_4_3,1.1221969713097772,2017

poste_01_1_4_4,1.1221969713097772,2017

poste_01_1_4_5,1.1221969713097772,2017

poste_01_1_4_6,1.1221969713097772,2017

poste_01_1_4_7,1.1221969713097772,2017

poste_01_1_5_1,1.216715405685729,2017

poste_01_1_5_2,1.216715405685729,2017

poste_01_1_5_3,1.216715405685729,2017

poste_01_1_5_4,1.216715405685729,2017

poste_01_1_5_5,1.216715405685729,2017

poste_01_1_6_1,1.0270271841493193,2017

poste_01_1_6_2,1.0270271841493193,2017

poste_01_1_6_3,1.0270271841493193,2017

poste_01_1_6_4,1.0270271841493193,2017

poste_01_1_6_5,1.0270271841493193,2017

poste_01_1_6_6,1.0270271841493193,2017

poste_01_1_6_7,1.0270271841493193,2017

poste_01_1_6_8,1.0270271841493193,2017

poste_01_1_6_9,1.0270271841493193,2017

poste_01_1_7_1,1.1939409254981326,2017

poste_01_1_7_2,1.1939409254981326,2017

poste_01_1_7_3,1.1939409254981326,2017

poste_01_1_7_4,1.1939409254981326,2017

poste_01_1_7_5,1.1939409254981326,2017

poste_01_1_7_6,1.1939409254981326,2017

poste_01_1_7_7,1.1939409254981326,2017

poste_01_1_7_8,1.1939409254981326,2017

poste_01_1_7_9,1.1939409254981326,2017

poste_01_1_8_1,1.4923477561660468,2017

poste_01_1_8_2,1.4923477561660468,2017

poste_01_1_8_3,1.4923477561660468,2017

poste_01_1_8_4,1.4923477561660468,2017

poste_01_1_8_5,1.4923477561660468,2017

poste_01_1_8_6,1.4923477561660468,2017

poste_01_1_9_1,3.468508183768826,2017

poste_01_1_9_2,3.468508183768826,2017

poste_01_1_9_3,3.468508183768826,2017

poste_01_1_9_4,3.468508183768826,2017

poste_01_1_9_5,3.468508183768826,2017

poste_01_2_2_1,1.2662638434970803,2017

poste_01_2_3_1,0.9118143330592753,2017

poste_01_2_9_1,8.01270657889195,2017

poste_01_2_5_1,1.2673161368111139,2017

poste_01_2_6_1,1.632509217391789,2017

poste_01_2_1_1,0.9644170869333382,2017

poste_01_2_1_2,0.9644170869333382,2017

poste_01_3_1_1,0.0,2017

poste_01_3_1_2,0.0,2017

poste_02_1_1_1,1.8911663520736004,2017

poste_02_1_2_1,2.239359604707587,2017

poste_02_1_9_1,0.1571379521439307,2017

poste_02_1_3_1,2.107260116552932,2017

poste_02_3_1_1,1.7535642831856262,2017

poste_02_3_1_2,1.7535642831856262,2017

poste_02_3_1_3,1.7535642831856262,2017

poste_02_5_1_1,0.0,2017

poste_03_1_1_1,1.0237126223797146,2017

poste_03_1_2_1,1.3448852191388818,2017

poste_03_1_2_2,1.3448852191388818,2017

poste_03_1_2_3,1.3448852191388818,2017

poste_03_1_3_1,3.2910993124722863,2017

poste_03_1_4_1,0.8911875760453848,2017

poste_03_2_1_1,0.8808691008908065,2017

poste_03_2_1_2,0.8808691008908065,2017

poste_03_2_1_3,0.8808691008908065,2017

poste_03_2_2_1,1.7516907728529518,2017

poste_03_3_1_1,0.0,2017

poste_03_3_1_2,0.0,2017

poste_04_1_1_1,1.028882815273506,2017

poste_04_1_2_1,0.5522932813185044,2017

poste_04_3_1_1,0.8322902412945665,2017

poste_04_3_2_1,12.277049766645678,2017

poste_04_4_2_1,458.6374666948874,2017

poste_04_4_1_1,0.6176965471988979,2017

poste_04_4_4_1,0.30281838844659675,2017

poste_04_5_1_1,1.1318214083146096,2017

poste_04_5_2_1,1.149110872532782,2017

poste_04_5_2_2,1.149110872532782,2017

poste_04_5_3_1,0.8634540255407868,2017

poste_04_5_4_1,1.5864596842485355,2017

poste_04_5_5_1,110.42559818353688,2017

poste_04_5_5_2,110.42559818353688,2017

poste_04_6_1_1,0.0,2017

poste_05_1_1_0,1.2944266734460579,2017

poste_05_1_1_1,1.2944266734460579,2017

poste_05_1_1_2,1.2944266734460579,2017

poste_05_1_1_3,1.2944266734460579,2017

poste_05_1_1_4,1.2944266734460579,2017

poste_05_1_1_5,1.2944266734460579,2017

poste_05_1_1_6,1.2944266734460579,2017

poste_05_1_2_1,1.2944266734460579,2017

poste_05_1_3_1,1.2944266734460579,2017

poste_05_2_1_1,1.1929590028031212,2017

poste_05_2_1_2,1.1929590028031212,2017

poste_05_3_1_1,1.6607462106124242,2017

poste_05_3_1_2,1.6607462106124242,2017

poste_05_3_1_3,1.6607462106124242,2017

poste_05_3_1_4,1.6607462106124242,2017

poste_05_3_1_5,1.6607462106124242,2017

poste_05_3_1_6,1.6607462106124242,2017

poste_05_3_1_7,1.6607462106124242,2017

poste_05_3_2_1,3.0066749135373847,2017

poste_05_3_3_1,7.527568941032068,2017

poste_05_4_1_1,1.8642249858804385,2017

poste_05_4_1_2,1.8642249858804385,2017

poste_05_4_1_3,1.8642249858804385,2017

poste_05_4_1_4,1.8642249858804385,2017

poste_05_5_1_1,0.6540840849836526,2017

poste_05_5_1_2,0.6540840849836526,2017

poste_05_5_3_1,1.9830479450140104,2017

poste_05_5_2_1,0.6816629124830935,2017

poste_05_5_2_2,0.6816629124830935,2017

poste_05_5_3_2,1.9830479450140104,2017

poste_05_6_1_1,1.5997382359614136,2017

poste_05_6_1_2,1.5997382359614136,2017

poste_05_6_2_1,0.3859604774053377,2017

poste_05_6_2_2,0.3859604774053377,2017

poste_05_7_1_1,0.0,2017

poste_05_7_1_2,0.0,2017

poste_06_1_1_1,1.3982563576036082,2017

poste_06_1_1_2,1.3982563576036082,2017

poste_06_1_1_3,1.3982563576036082,2017

poste_06_2_1_1,1.3982563576036082,2017

poste_06_2_2_1,1.3982563576036082,2017

poste_06_2_3_1,1.3982563576036082,2017

poste_06_2_3_2,1.3982563576036082,2017

poste_06_2_3_3,1.3982563576036082,2017

poste_06_3_1_1,1.3982563576036082,2017

poste_06_4_1_1,1.3982563576036082,2017

poste_06_4_1_2,1.3982563576036082,2017

poste_07_1_1_1,0.6940756059449747,2017

poste_07_1_1_2,0.6940756059449747,2017

poste_07_1_2_1,1.1085974976903046,2017

poste_07_1_3_1,1.2621949342352936,2017

poste_07_1_4_1,0.0,2017

poste_07_2_1_1,6.898707650711237,2017

poste_07_2_2_1,1.3206618124601965,2017

poste_07_2_3_1,0.565903217793975,2017

poste_07_2_4_1,3.315306553080786,2017

poste_07_2_4_2,3.315306553080786,2017

poste_07_3_1_1,1.4260741263315166,2017

poste_07_3_2_1,2.9269119502698455,2017

poste_07_3_3_1,2.180221199254667,2017

poste_07_3_4_1,0.8723394052473229,2017

poste_07_3_5_1,0.7817877441411141,2017

poste_07_4_9_1,3.3012450989946274,2017

poste_07_5_1_1,0.0,2017

poste_07_5_1_2,0.0,2017

poste_07_4_1_1,3.258901177597076,2017

poste_08_1_2_1,2.9586745491398356,2017

poste_08_3_1_1,1.7367328931503914,2017

poste_08_4_1_1,0.0,2017

poste_09_1_2_1,2.389872462037951,2017

poste_09_1_2_2,2.389872462037951,2017

poste_09_1_1_1,1.5791903319774099,2017

poste_09_1_1_2,1.5791903319774099,2017

poste_08_1_1_1,2.9586745491398356,2017

poste_09_5_2_1,0.6701164522299028,2017

poste_09_4_1_1,0.7469284445684987,2017

poste_09_2_2_1,1.8680333089469303,2017

poste_09_5_1_1,0.5741273422079991,2017

poste_09_1_2_3,2.389872462037951,2017

poste_09_4_2_1,1.096604768644953,2017

poste_09_2_1_1,2.295761759518101,2017

poste_09_2_2_2,1.8680333089469303,2017

poste_09_3_1_1,1.312208971127303,2017

poste_09_3_2_1,1.178294568784918,2017

poste_09_3_2_2,1.178294568784918,2017

poste_09_4_2_2,1.096604768644953,2017

poste_09_6_1_1,2.068308549230278,2017

poste_09_6_1_2,2.068308549230278,2017

poste_09_6_9_1,0.04157131474007245,2017

poste_09_6_3_1,1.8968557046103631,2017

poste_09_4_7_1,9.258034506312525,2017

poste_09_7_1_1,1.103101020884804,2017

poste_09_7_2_1,1.4573746221102832,2017

poste_09_7_3_1,2.05081192514651,2017

poste_09_7_4_1,0.7570303639321566,2017

poste_09_8_1_1,0.3551523544611187,2017

poste_09_9_1_1,0.0,2017

poste_09_9_1_2,0.0,2017

poste_10_1_1_1,0.9512717269831248,2017

poste_10_2_1_1,1.2422989058961627,2017

poste_10_4_1_1,0.9360805655280839,2017

poste_10_5_1_1,6.229769619594864,2017

poste_10_6_1_1,0.0,2017

poste_10_6_1_2,0.0,2017

poste_11_1_1_1,1.8045219814654194,2017

poste_11_1_1_2,1.8045219814654194,2017

poste_11_1_2_1,1.019794054023017,2017

poste_11_1_3_1,0.0,2017

poste_11_1_3_2,0.0,2017

poste_11_2_1_1,1.5088638766404672,2017

poste_13_1_3_1,1.2668072357636049,2017

poste_13_1_1_1,13.118856130015805,2017

poste_13_1_2_1,1.4336199553618416,2017

poste_13_1_3_2,1.2668072357636049,2017

poste_13_2_1_1,4.660680776622417,2017

poste_13_2_9_1,2.9035458755501504,2017

poste_13_2_9_2,2.9035458755501504,2017

poste_12_3_3_1,0.0,2017

poste_13_3_1_1,2.231052750705567,2017

poste_12_1_1_1,25.54941328347821,2017

poste_12_1_3_1,0.6607662485201249,2017

poste_12_1_2_1,0.3951288565310555,2017

poste_12_1_4_1,0.4231741198482354,2017

poste_12_1_9_1,0.43387795615733576,2017

poste_12_2_1_1,3.4582520160707215,2017

poste_13_9_1_1,0.8184925414535795,2017

poste_13_9_1_2,0.8184925414535795,2017

poste_12_8_1_1,0.0,2017

poste_12_9_1_1,0.0,2017

loyer_impute,1.4257096025920095,2018

poste_01_1_1_1,1.0542370938888168,2018

poste_01_1_1_2,1.0542370938888168,2018

poste_01_1_1_3,1.0542370938888168,2018

poste_01_1_1_4,1.0542370938888168,2018

poste_01_1_1_5,1.0542370938888168,2018

poste_01_1_2_1,1.097379557811069,2018

poste_01_1_2_2,1.097379557811069,2018

poste_01_1_2_3,1.097379557811069,2018

poste_01_1_2_4,1.097379557811069,2018

poste_01_1_2_5,1.097379557811069,2018

poste_01_1_2_6,1.097379557811069,2018

poste_01_1_2_7,1.097379557811069,2018

poste_01_1_3_0,0.8518626830350405,2018

poste_01_1_3_1,0.8518626830350405,2018

poste_01_1_3_2,0.8518626830350405,2018

poste_01_1_3_3,0.8518626830350405,2018

poste_01_1_3_4,0.8518626830350405,2018

poste_01_1_4_1,1.146794443983598,2018

poste_01_1_4_2,1.146794443983598,2018

poste_01_1_4_3,1.146794443983598,2018

poste_01_1_4_4,1.146794443983598,2018

poste_01_1_4_5,1.146794443983598,2018

poste_01_1_4_6,1.146794443983598,2018

poste_01_1_4_7,1.146794443983598,2018

poste_01_1_5_1,1.2769359358952628,2018

poste_01_1_5_2,1.2769359358952628,2018

poste_01_1_5_3,1.2769359358952628,2018

poste_01_1_5_4,1.2769359358952628,2018

poste_01_1_5_5,1.2769359358952628,2018

poste_01_1_6_1,1.0539210542381405,2018

poste_01_1_6_2,1.0539210542381405,2018

poste_01_1_6_3,1.0539210542381405,2018

poste_01_1_6_4,1.0539210542381405,2018

poste_01_1_6_5,1.0539210542381405,2018

poste_01_1_6_6,1.0539210542381405,2018

poste_01_1_6_7,1.0539210542381405,2018

poste_01_1_6_8,1.0539210542381405,2018

poste_01_1_6_9,1.0539210542381405,2018

poste_01_1_7_1,1.2250099698553363,2018

poste_01_1_7_2,1.2250099698553363,2018

poste_01_1_7_3,1.2250099698553363,2018

poste_01_1_7_4,1.2250099698553363,2018

poste_01_1_7_5,1.2250099698553363,2018

poste_01_1_7_6,1.2250099698553363,2018

poste_01_1_7_7,1.2250099698553363,2018

poste_01_1_7_8,1.2250099698553363,2018

poste_01_1_7_9,1.2250099698553363,2018

poste_01_1_8_1,1.5152392970165998,2018

poste_01_1_8_2,1.5152392970165998,2018

poste_01_1_8_3,1.5152392970165998,2018

poste_01_1_8_4,1.5152392970165998,2018

poste_01_1_8_5,1.5152392970165998,2018

poste_01_1_8_6,1.5152392970165998,2018

poste_01_1_9_1,3.5083960557418368,2018

poste_01_1_9_2,3.5083960557418368,2018

poste_01_1_9_3,3.5083960557418368,2018

poste_01_1_9_4,3.5083960557418368,2018

poste_01_1_9_5,3.5083960557418368,2018

poste_01_2_2_1,1.2983836672619564,2018

poste_01_2_3_1,0.9348135645135888,2018

poste_01_2_9_1,8.206934899072422,2018

poste_01_2_5_1,1.3127833942361151,2018

poste_01_2_6_1,1.6761375216559586,2018

poste_01_2_1_1,0.964052429017165,2018

poste_01_2_1_2,0.964052429017165,2018

poste_01_3_1_1,0.0,2018

poste_01_3_1_2,0.0,2018

poste_02_1_1_1,1.8665007011600763,2018

poste_02_1_2_1,2.2390339394107546,2018

poste_02_1_9_1,0.16685453504074907,2018

poste_02_1_3_1,2.283129275532242,2018

poste_02_3_1_1,1.8682496834036944,2018

poste_02_3_1_2,1.8682496834036944,2018

poste_02_3_1_3,1.8682496834036944,2018

poste_02_5_1_1,0.0,2018

poste_03_1_1_1,1.0300348826162316,2018

poste_03_1_2_1,1.3047199928603341,2018

poste_03_1_2_2,1.3047199928603341,2018

poste_03_1_2_3,1.3047199928603341,2018

poste_03_1_3_1,3.294586086205955,2018

poste_03_1_4_1,0.9133616745014903,2018

poste_03_2_1_1,0.874684485433005,2018

poste_03_2_1_2,0.874684485433005,2018

poste_03_2_1_3,0.874684485433005,2018

poste_03_2_2_1,1.7947752261557302,2018

poste_03_3_1_1,0.0,2018

poste_03_3_1_2,0.0,2018

poste_04_1_1_1,1.0740428942660394,2018

poste_04_1_2_1,0.535090585211476,2018

poste_04_3_1_1,0.8339086958230927,2018

poste_04_3_2_1,12.65511072721042,2018

poste_04_4_2_1,461.0423966050431,2018

poste_04_4_1_1,0.6151955264481376,2018

poste_04_4_4_1,0.312962480395659,2018

poste_04_5_1_1,1.150593633183368,2018

poste_04_5_2_1,1.1885761239363923,2018

poste_04_5_2_2,1.1885761239363923,2018

poste_04_5_3_1,1.0700130704438628,2018

poste_04_5_4_1,1.5949778426772654,2018

poste_04_5_5_1,116.53456149567985,2018

poste_04_5_5_2,116.53456149567985,2018

poste_04_6_1_1,0.0,2018

poste_05_1_1_0,1.2911904633860478,2018

poste_05_1_1_1,1.2911904633860478,2018

poste_05_1_1_2,1.2911904633860478,2018

poste_05_1_1_3,1.2911904633860478,2018

poste_05_1_1_4,1.2911904633860478,2018

poste_05_1_1_5,1.2911904633860478,2018

poste_05_1_1_6,1.2911904633860478,2018

poste_05_1_2_1,1.2911904633860478,2018

poste_05_1_3_1,1.2911904633860478,2018

poste_05_2_1_1,1.1716684977975411,2018

poste_05_2_1_2,1.1716684977975411,2018

poste_05_3_1_1,1.6735696342763946,2018

poste_05_3_1_2,1.6735696342763946,2018

poste_05_3_1_3,1.6735696342763946,2018

poste_05_3_1_4,1.6735696342763946,2018

poste_05_3_1_5,1.6735696342763946,2018

poste_05_3_1_6,1.6735696342763946,2018

poste_05_3_1_7,1.6735696342763946,2018

poste_05_3_2_1,2.957172136611476,2018

poste_05_3_3_1,7.966881110960517,2018

poste_05_4_1_1,1.9637456430802294,2018

poste_05_4_1_2,1.9637456430802294,2018

poste_05_4_1_3,1.9637456430802294,2018

poste_05_4_1_4,1.9637456430802294,2018

poste_05_5_1_1,0.6484210193127984,2018

poste_05_5_1_2,0.6484210193127984,2018

poste_05_5_3_1,2.098779478344453,2018

poste_05_5_2_1,0.6689016312635659,2018

poste_05_5_2_2,0.6689016312635659,2018

poste_05_5_3_2,2.098779478344453,2018

poste_05_6_1_1,1.6192756553137717,2018

poste_05_6_1_2,1.6192756553137717,2018

poste_05_6_2_1,0.37977119008452437,2018

poste_05_6_2_2,0.37977119008452437,2018

poste_05_7_1_1,0.0,2018

poste_05_7_1_2,0.0,2018

poste_06_1_1_1,1.3584705055776358,2018

poste_06_1_1_2,1.3584705055776358,2018

poste_06_1_1_3,1.3584705055776358,2018

poste_06_2_1_1,1.3584705055776358,2018

poste_06_2_2_1,1.3584705055776358,2018

poste_06_2_3_1,1.3584705055776358,2018

poste_06_2_3_2,1.3584705055776358,2018

poste_06_2_3_3,1.3584705055776358,2018

poste_06_3_1_1,1.3584705055776358,2018

poste_06_4_1_1,1.3584705055776358,2018

poste_06_4_1_2,1.3584705055776358,2018

poste_07_1_1_1,0.7106047097466489,2018

poste_07_1_1_2,0.7106047097466489,2018

poste_07_1_2_1,1.1004788266027872,2018

poste_07_1_3_1,1.3273966087345919,2018

poste_07_1_4_1,0.0,2018

poste_07_2_1_1,7.32695483581645,2018

poste_07_2_2_1,1.4853812199686196,2018

poste_07_2_3_1,0.5988515061637033,2018

poste_07_2_4_1,3.446069079662479,2018

poste_07_2_4_2,3.446069079662479,2018

poste_07_3_1_1,1.4095997556264106,2018

poste_07_3_2_1,3.092129409929816,2018

poste_07_3_3_1,2.3597681061406415,2018

poste_07_3_4_1,0.829913178470359,2018

poste_07_3_5_1,0.7943646043742654,2018

poste_07_4_9_1,3.3398857439212,2018

poste_07_5_1_1,0.0,2018

poste_07_5_1_2,0.0,2018

poste_07_4_1_1,3.407777148367789,2018

poste_08_1_2_1,2.9143648424777826,2018

poste_08_3_1_1,1.7877883497082063,2018

poste_08_4_1_1,0.0,2018

poste_09_1_2_1,2.5190367731127035,2018

poste_09_1_2_2,2.5190367731127035,2018

poste_09_1_1_1,1.422456230133813,2018

poste_09_1_1_2,1.422456230133813,2018

poste_08_1_1_1,2.9143648424777826,2018

poste_09_5_2_1,0.564323629955893,2018

poste_09_4_1_1,0.7832078261618257,2018

poste_09_2_2_1,1.8872093789574111,2018

poste_09_5_1_1,0.591558153356629,2018

poste_09_1_2_3,2.5190367731127035,2018

poste_09_4_2_1,1.1823492004983411,2018

poste_09_2_1_1,2.3953436570442395,2018

poste_09_2_2_2,1.8872093789574111,2018

poste_09_3_1_1,1.3347621883296918,2018

poste_09_3_2_1,1.1988025205470756,2018

poste_09_3_2_2,1.1988025205470756,2018

poste_09_4_2_2,1.1823492004983411,2018

poste_09_6_1_1,2.1383971746939223,2018

poste_09_6_1_2,2.1383971746939223,2018

poste_09_6_9_1,0.04235442699092311,2018

poste_09_6_3_1,1.9655481144044749,2018

poste_09_4_7_1,9.459871896654349,2018

poste_09_7_1_1,1.0843095961540965,2018

poste_09_7_2_1,1.416341249334708,2018

poste_09_7_3_1,1.9424671441953736,2018

poste_09_7_4_1,0.7678374336249698,2018

poste_09_8_1_1,0.37910821867884775,2018

poste_09_9_1_1,0.0,2018

poste_09_9_1_2,0.0,2018

poste_10_1_1_1,0.9639939999527654,2018

poste_10_2_1_1,1.248711850534388,2018

poste_10_4_1_1,0.9675070089281329,2018

poste_10_5_1_1,6.230350836147517,2018

poste_10_6_1_1,0.0,2018

poste_10_6_1_2,0.0,2018

poste_11_1_1_1,1.9326043033165479,2018

poste_11_1_1_2,1.9326043033165479,2018

poste_11_1_2_1,1.0400830185552976,2018

poste_11_1_3_1,0.0,2018

poste_11_1_3_2,0.0,2018

poste_11_2_1_1,1.6593147553937855,2018

poste_13_1_3_1,1.3019539401935654,2018

poste_13_1_1_1,12.491198666357786,2018

poste_13_1_2_1,1.4319201271636606,2018

poste_13_1_3_2,1.3019539401935654,2018

poste_13_2_1_1,4.609429652918576,2018

poste_13_2_9_1,2.985384214996037,2018

poste_13_2_9_2,2.985384214996037,2018

poste_12_3_3_1,0.0,2018

poste_13_3_1_1,2.2884091129549295,2018

poste_12_1_1_1,28.716013886719097,2018

poste_12_1_3_1,0.6177533748687011,2018

poste_12_1_2_1,0.42503324821446914,2018

poste_12_1_4_1,0.442199525214437,2018

poste_12_1_9_1,0.45709946002405166,2018

poste_12_2_1_1,3.494311825185485,2018

poste_13_9_1_1,0.8556315608631107,2018

poste_13_9_1_2,0.8556315608631107,2018

poste_12_8_1_1,0.0,2018

poste_12_9_1_1,0.0,2018

loyer_impute,1.4566851514369372,2019

poste_01_1_1_1,1.0975542706086576,2019

poste_01_1_1_2,1.0975542706086576,2019

poste_01_1_1_3,1.0975542706086576,2019

poste_01_1_1_4,1.0975542706086576,2019

poste_01_1_1_5,1.0975542706086576,2019

poste_01_1_2_1,1.0928017251639734,2019

poste_01_1_2_2,1.0928017251639734,2019

poste_01_1_2_3,1.0928017251639734,2019

poste_01_1_2_4,1.0928017251639734,2019

poste_01_1_2_5,1.0928017251639734,2019

poste_01_1_2_6,1.0928017251639734,2019

poste_01_1_2_7,1.0928017251639734,2019

poste_01_1_3_0,0.8563944134319271,2019

poste_01_1_3_1,0.8563944134319271,2019

poste_01_1_3_2,0.8563944134319271,2019

poste_01_1_3_3,0.8563944134319271,2019

poste_01_1_3_4,0.8563944134319271,2019

poste_01_1_4_1,1.1728481710704093,2019

poste_01_1_4_2,1.1728481710704093,2019

poste_01_1_4_3,1.1728481710704093,2019

poste_01_1_4_4,1.1728481710704093,2019

poste_01_1_4_5,1.1728481710704093,2019

poste_01_1_4_6,1.1728481710704093,2019

poste_01_1_4_7,1.1728481710704093,2019

poste_01_1_5_1,1.3225577597393339,2019

poste_01_1_5_2,1.3225577597393339,2019

poste_01_1_5_3,1.3225577597393339,2019

poste_01_1_5_4,1.3225577597393339,2019

poste_01_1_5_5,1.3225577597393339,2019

poste_01_1_6_1,1.0663407336361825,2019

poste_01_1_6_2,1.0663407336361825,2019

poste_01_1_6_3,1.0663407336361825,2019

poste_01_1_6_4,1.0663407336361825,2019

poste_01_1_6_5,1.0663407336361825,2019

poste_01_1_6_6,1.0663407336361825,2019

poste_01_1_6_7,1.0663407336361825,2019

poste_01_1_6_8,1.0663407336361825,2019

poste_01_1_6_9,1.0663407336361825,2019

poste_01_1_7_1,1.3040161500510086,2019

poste_01_1_7_2,1.3040161500510086,2019

poste_01_1_7_3,1.3040161500510086,2019

poste_01_1_7_4,1.3040161500510086,2019

poste_01_1_7_5,1.3040161500510086,2019

poste_01_1_7_6,1.3040161500510086,2019

poste_01_1_7_7,1.3040161500510086,2019

poste_01_1_7_8,1.3040161500510086,2019

poste_01_1_7_9,1.3040161500510086,2019

poste_01_1_8_1,1.5164001343642535,2019

poste_01_1_8_2,1.5164001343642535,2019

poste_01_1_8_3,1.5164001343642535,2019

poste_01_1_8_4,1.5164001343642535,2019

poste_01_1_8_5,1.5164001343642535,2019

poste_01_1_8_6,1.5164001343642535,2019

poste_01_1_9_1,3.5984938222023,2019

poste_01_1_9_2,3.5984938222023,2019

poste_01_1_9_3,3.5984938222023,2019

poste_01_1_9_4,3.5984938222023,2019

poste_01_1_9_5,3.5984938222023,2019

poste_01_2_2_1,1.315444189453345,2019

poste_01_2_3_1,0.9472785365597667,2019

poste_01_2_9_1,8.327176868762004,2019

poste_01_2_5_1,1.3114547224066007,2019

poste_01_2_6_1,1.7050798719035336,2019

poste_01_2_1_1,0.9526976487114308,2019

poste_01_2_1_2,0.9526976487114308,2019

poste_01_3_1_1,0.0,2019

poste_01_3_1_2,0.0,2019

poste_02_1_1_1,1.8994525877908814,2019

poste_02_1_2_1,2.1190599866600013,2019

poste_02_1_9_1,0.17404678157997558,2019

poste_02_1_3_1,2.3908679964821045,2019

poste_02_3_1_1,1.936920051202707,2019

poste_02_3_1_2,1.936920051202707,2019

poste_02_3_1_3,1.936920051202707,2019

poste_02_5_1_1,0.0,2019

poste_03_1_1_1,1.0464287770317127,2019

poste_03_1_2_1,1.300543264913516,2019

poste_03_1_2_2,1.300543264913516,2019

poste_03_1_2_3,1.300543264913516,2019

poste_03_1_3_1,3.3167520049414216,2019

poste_03_1_4_1,0.9346910453973633,2019

poste_03_2_1_1,0.8833795430331962,2019

poste_03_2_1_2,0.8833795430331962,2019

poste_03_2_1_3,0.8833795430331962,2019

poste_03_2_2_1,1.8858680702816037,2019

poste_03_3_1_1,0.0,2019

poste_03_3_1_2,0.0,2019

poste_04_1_1_1,1.1066574288737872,2019

poste_04_1_2_1,0.5543171279193313,2019

poste_04_3_1_1,0.8452690016483242,2019

poste_04_3_2_1,13.096477757044953,2019

poste_04_4_2_1,473.04538012059544,2019

poste_04_4_1_1,0.6193916834855244,2019

poste_04_4_4_1,0.32776238945850544,2019

poste_04_5_1_1,1.1838382287110814,2019

poste_04_5_2_1,1.230577256385483,2019

poste_04_5_2_2,1.230577256385483,2019

poste_04_5_3_1,1.0270433755991606,2019

poste_04_5_4_1,1.519702561155231,2019

poste_04_5_5_1,119.76172469115853,2019

poste_04_5_5_2,119.76172469115853,2019

poste_04_6_1_1,0.0,2019

poste_05_1_1_0,1.335833776340467,2019

poste_05_1_1_1,1.335833776340467,2019

poste_05_1_1_2,1.335833776340467,2019

poste_05_1_1_3,1.335833776340467,2019

poste_05_1_1_4,1.335833776340467,2019

poste_05_1_1_5,1.335833776340467,2019

poste_05_1_1_6,1.335833776340467,2019

poste_05_1_2_1,1.335833776340467,2019

poste_05_1_3_1,1.335833776340467,2019

poste_05_2_1_1,1.2027916406110417,2019

poste_05_2_1_2,1.2027916406110417,2019

poste_05_3_1_1,1.7306287402115978,2019

poste_05_3_1_2,1.7306287402115978,2019

poste_05_3_1_3,1.7306287402115978,2019

poste_05_3_1_4,1.7306287402115978,2019

poste_05_3_1_5,1.7306287402115978,2019

poste_05_3_1_6,1.7306287402115978,2019

poste_05_3_1_7,1.7306287402115978,2019

poste_05_3_2_1,3.057569956064335,2019

poste_05_3_3_1,8.459013805719076,2019

poste_05_4_1_1,1.9899745337833918,2019

poste_05_4_1_2,1.9899745337833918,2019

poste_05_4_1_3,1.9899745337833918,2019

poste_05_4_1_4,1.9899745337833918,2019

poste_05_5_1_1,0.6575567195931386,2019

poste_05_5_1_2,0.6575567195931386,2019

poste_05_5_3_1,2.2284259467674126,2019

poste_05_5_2_1,0.6638760545358757,2019

poste_05_5_2_2,0.6638760545358757,2019

poste_05_5_3_2,2.2284259467674126,2019

poste_05_6_1_1,1.5968554210263943,2019

poste_05_6_1_2,1.5968554210263943,2019

poste_05_6_2_1,0.38316411265195816,2019

poste_05_6_2_2,0.38316411265195816,2019

poste_05_7_1_1,0.0,2019

poste_05_7_1_2,0.0,2019

poste_06_1_1_1,1.3491306811362713,2019

poste_06_1_1_2,1.3491306811362713,2019

poste_06_1_1_3,1.3491306811362713,2019

poste_06_2_1_1,1.3491306811362713,2019

poste_06_2_2_1,1.3491306811362713,2019

poste_06_2_3_1,1.3491306811362713,2019

poste_06_2_3_2,1.3491306811362713,2019

poste_06_2_3_3,1.3491306811362713,2019

poste_06_3_1_1,1.3491306811362713,2019

poste_06_4_1_1,1.3491306811362713,2019

poste_06_4_1_2,1.3491306811362713,2019

poste_07_1_1_1,0.7117439820881195,2019

poste_07_1_1_2,0.7117439820881195,2019

poste_07_1_2_1,1.2063500518827823,2019

poste_07_1_3_1,1.5162566314222148,2019

poste_07_1_4_1,0.0,2019

poste_07_2_1_1,7.655792719678214,2019

poste_07_2_2_1,1.473095657930335,2019

poste_07_2_3_1,0.6337272330362965,2019

poste_07_2_4_1,3.644014715373741,2019

poste_07_2_4_2,3.644014715373741,2019

poste_07_3_1_1,1.4904907668413707,2019

poste_07_3_2_1,3.2316194425603753,2019

poste_07_3_3_1,2.5098361480772655,2019

poste_07_3_4_1,0.8531677211807451,2019

poste_07_3_5_1,0.8174011147008163,2019

poste_07_4_9_1,3.4502875865685505,2019

poste_07_5_1_1,0.0,2019

poste_07_5_1_2,0.0,2019

poste_07_4_1_1,3.2493261670288356,2019

poste_08_1_2_1,2.8880051288905544,2019

poste_08_3_1_1,1.8360940619581154,2019

poste_08_4_1_1,0.0,2019

poste_09_1_2_1,2.637924129843214,2019

poste_09_1_2_2,2.637924129843214,2019

poste_09_1_1_1,1.252077464212194,2019

poste_09_1_1_2,1.252077464212194,2019

poste_08_1_1_1,2.8880051288905544,2019

poste_09_5_2_1,0.5101771348284795,2019

poste_09_4_1_1,0.8418950610922079,2019

poste_09_2_2_1,1.95507846229821,2019

poste_09_5_1_1,0.6109499307594799,2019

poste_09_1_2_3,2.637924129843214,2019

poste_09_4_2_1,1.247714958180153,2019

poste_09_2_1_1,2.3728480948272432,2019

poste_09_2_2_2,1.95507846229821,2019

poste_09_3_1_1,1.3650808065666973,2019

poste_09_3_2_1,1.2296825568130265,2019

poste_09_3_2_2,1.2296825568130265,2019

poste_09_4_2_2,1.247714958180153,2019

poste_09_6_1_1,2.3019867564809977,2019

poste_09_6_1_2,2.3019867564809977,2019

poste_09_6_9_1,0.04524796039237132,2019

poste_09_6_3_1,2.076981546828477,2019

poste_09_4_7_1,10.15406465863996,2019

poste_09_7_1_1,1.0984253592982658,2019

poste_09_7_2_1,1.3986441075674645,2019

poste_09_7_3_1,1.9637491547393469,2019

poste_09_7_4_1,0.7844861626111957,2019

poste_09_8_1_1,0.393418770780239,2019

poste_09_9_1_1,0.0,2019

poste_09_9_1_2,0.0,2019

poste_10_1_1_1,1.0129505946713824,2019

poste_10_2_1_1,1.311447178517024,2019

poste_10_4_1_1,1.0178073795425788,2019

poste_10_5_1_1,6.638364856108854,2019

poste_10_6_1_1,0.0,2019

poste_10_6_1_2,0.0,2019

poste_11_1_1_1,2.0812942571067796,2019

poste_11_1_1_2,2.0812942571067796,2019

poste_11_1_2_1,1.0866943723948523,2019

poste_11_1_3_1,0.0,2019

poste_11_1_3_2,0.0,2019

poste_11_2_1_1,1.732527508153957,2019

poste_13_1_3_1,1.3490499055312188,2019

poste_13_1_1_1,13.115595571763038,2019

poste_13_1_2_1,1.4302960338852007,2019

poste_13_1_3_2,1.3490499055312188,2019

poste_13_2_1_1,4.889090796990654,2019

poste_13_2_9_1,2.9708297318730255,2019

poste_13_2_9_2,2.9708297318730255,2019

poste_12_3_3_1,0.0,2019

poste_13_3_1_1,2.318767000119713,2019

poste_12_1_1_1,26.82112640846435,2019

poste_12_1_3_1,0.6339333857299811,2019

poste_12_1_2_1,0.43606069126882036,2019

poste_12_1_4_1,0.4485758590031094,2019

poste_12_1_9_1,0.5134269775500367,2019

poste_12_2_1_1,3.4344891003867986,2019

poste_13_9_1_1,0.8944877544381764,2019

poste_13_9_1_2,0.8944877544381764,2019

poste_12_8_1_1,0.0,2019

poste_12_9_1_1,0.0,2019

loyer_impute,1.4828307652755477,2020

poste_01_1_1_1,1.1175320586529145,2020

poste_01_1_1_2,1.1175320586529145,2020

poste_01_1_1_3,1.1175320586529145,2020

poste_01_1_1_4,1.1175320586529145,2020

poste_01_1_1_5,1.1175320586529145,2020

poste_01_1_2_1,1.1854042490354413,2020

poste_01_1_2_2,1.1854042490354413,2020

poste_01_1_2_3,1.1854042490354413,2020

poste_01_1_2_4,1.1854042490354413,2020

poste_01_1_2_5,1.1854042490354413,2020

poste_01_1_2_6,1.1854042490354413,2020

poste_01_1_2_7,1.1854042490354413,2020

poste_01_1_3_0,0.9122203756597841,2020

poste_01_1_3_1,0.9122203756597841,2020

poste_01_1_3_2,0.9122203756597841,2020

poste_01_1_3_3,0.9122203756597841,2020

poste_01_1_3_4,0.9122203756597841,2020

poste_01_1_4_1,1.244266313451509,2020

poste_01_1_4_2,1.244266313451509,2020

poste_01_1_4_3,1.244266313451509,2020

poste_01_1_4_4,1.244266313451509,2020

poste_01_1_4_5,1.244266313451509,2020

poste_01_1_4_6,1.244266313451509,2020

poste_01_1_4_7,1.244266313451509,2020

poste_01_1_5_1,1.4505484045379493,2020

poste_01_1_5_2,1.4505484045379493,2020

poste_01_1_5_3,1.4505484045379493,2020

poste_01_1_5_4,1.4505484045379493,2020

poste_01_1_5_5,1.4505484045379493,2020

poste_01_1_6_1,1.1819691444621996,2020

poste_01_1_6_2,1.1819691444621996,2020

poste_01_1_6_3,1.1819691444621996,2020

poste_01_1_6_4,1.1819691444621996,2020

poste_01_1_6_5,1.1819691444621996,2020

poste_01_1_6_6,1.1819691444621996,2020

poste_01_1_6_7,1.1819691444621996,2020

poste_01_1_6_8,1.1819691444621996,2020

poste_01_1_6_9,1.1819691444621996,2020

poste_01_1_7_1,1.4036207498247772,2020

poste_01_1_7_2,1.4036207498247772,2020

poste_01_1_7_3,1.4036207498247772,2020

poste_01_1_7_4,1.4036207498247772,2020

poste_01_1_7_5,1.4036207498247772,2020

poste_01_1_7_6,1.4036207498247772,2020

poste_01_1_7_7,1.4036207498247772,2020

poste_01_1_7_8,1.4036207498247772,2020

poste_01_1_7_9,1.4036207498247772,2020

poste_01_1_8_1,1.5873754553276949,2020

poste_01_1_8_2,1.5873754553276949,2020

poste_01_1_8_3,1.5873754553276949,2020

poste_01_1_8_4,1.5873754553276949,2020

poste_01_1_8_5,1.5873754553276949,2020

poste_01_1_8_6,1.5873754553276949,2020

poste_01_1_9_1,3.8195624135836423,2020

poste_01_1_9_2,3.8195624135836423,2020

poste_01_1_9_3,3.8195624135836423,2020

poste_01_1_9_4,3.8195624135836423,2020

poste_01_1_9_5,3.8195624135836423,2020

poste_01_2_2_1,1.415028852027986,2020

poste_01_2_3_1,1.0188078000762397,2020

poste_01_2_9_1,8.494868412052691,2020

poste_01_2_5_1,1.3134213205454737,2020

poste_01_2_6_1,1.7439983948349838,2020

poste_01_2_1_1,0.9463978887437746,2020

poste_01_2_1_2,0.9463978887437746,2020

poste_01_3_1_1,0.0,2020

poste_01_3_1_2,0.0,2020

poste_02_1_1_1,2.018492191315539,2020

poste_02_1_2_1,2.0898293859656203,2020

poste_02_1_9_1,0.1914499578102125,2020

poste_02_1_3_1,2.647685393637117,2020

poste_02_3_1_1,2.195365280814761,2020

poste_02_3_1_2,2.195365280814761,2020

poste_02_3_1_3,2.195365280814761,2020

poste_02_5_1_1,0.0,2020

poste_03_1_1_1,1.0387835057826917,2020

poste_03_1_2_1,1.0823240102186855,2020

poste_03_1_2_2,1.0823240102186855,2020

poste_03_1_2_3,1.0823240102186855,2020

poste_03_1_3_1,2.893108996300651,2020

poste_03_1_4_1,0.7095711505953775,2020

poste_03_2_1_1,0.7273721028512696,2020

poste_03_2_1_2,0.7273721028512696,2020

poste_03_2_1_3,0.7273721028512696,2020

poste_03_2_2_1,1.5227276781581878,2020

poste_03_3_1_1,0.0,2020

poste_03_3_1_2,0.0,2020

poste_04_1_1_1,1.1271568342865534,2020

poste_04_1_2_1,0.4986613463965923,2020

poste_04_3_1_1,0.8953477196559887,2020

poste_04_3_2_1,12.503253837121528,2020

poste_04_4_2_1,477.3677541483078,2020

poste_04_4_1_1,0.6294930284066509,2020

poste_04_4_4_1,0.3221314075852569,2020

poste_04_5_1_1,1.2696408258927436,2020

poste_04_5_2_1,1.107447214747539,2020

poste_04_5_2_2,1.107447214747539,2020

poste_04_5_3_1,0.8075426706345896,2020

poste_04_5_4_1,1.5458880111398448,2020

poste_04_5_5_1,115.07384552298947,2020

poste_04_5_5_2,115.07384552298947,2020

poste_04_6_1_1,0.0,2020

poste_05_1_1_0,1.3111484575789207,2020

poste_05_1_1_1,1.3111484575789207,2020

poste_05_1_1_2,1.3111484575789207,2020

poste_05_1_1_3,1.3111484575789207,2020

poste_05_1_1_4,1.3111484575789207,2020

poste_05_1_1_5,1.3111484575789207,2020

poste_05_1_1_6,1.3111484575789207,2020

poste_05_1_2_1,1.3111484575789207,2020

poste_05_1_3_1,1.3111484575789207,2020

poste_05_2_1_1,1.140667247188271,2020

poste_05_2_1_2,1.140667247188271,2020

poste_05_3_1_1,1.7659188021348446,2020

poste_05_3_1_2,1.7659188021348446,2020

poste_05_3_1_3,1.7659188021348446,2020

poste_05_3_1_4,1.7659188021348446,2020

poste_05_3_1_5,1.7659188021348446,2020

poste_05_3_1_6,1.7659188021348446,2020

poste_05_3_1_7,1.7659188021348446,2020

poste_05_3_2_1,3.375470601635405,2020

poste_05_3_3_1,8.498951275712571,2020

poste_05_4_1_1,1.920981147368552,2020

poste_05_4_1_2,1.920981147368552,2020

poste_05_4_1_3,1.920981147368552,2020

poste_05_4_1_4,1.920981147368552,2020

poste_05_5_1_1,0.6750267429362451,2020

poste_05_5_1_2,0.6750267429362451,2020

poste_05_5_3_1,2.2389469952519985,2020

poste_05_5_2_1,0.6842414806470394,2020

poste_05_5_2_2,0.6842414806470394,2020

poste_05_5_3_2,2.2389469952519985,2020

poste_05_6_1_1,1.7777557924150842,2020

poste_05_6_1_2,1.7777557924150842,2020

poste_05_6_2_1,0.3300331823377473,2020

poste_05_6_2_2,0.3300331823377473,2020

poste_05_7_1_1,0.0,2020

poste_05_7_1_2,0.0,2020

poste_06_1_1_1,1.2596151847591308,2020

poste_06_1_1_2,1.2596151847591308,2020

poste_06_1_1_3,1.2596151847591308,2020

poste_06_2_1_1,1.2596151847591308,2020

poste_06_2_2_1,1.2596151847591308,2020

poste_06_2_3_1,1.2596151847591308,2020

poste_06_2_3_2,1.2596151847591308,2020

poste_06_2_3_3,1.2596151847591308,2020

poste_06_3_1_1,1.2596151847591308,2020

poste_06_4_1_1,1.2596151847591308,2020

poste_06_4_1_2,1.2596151847591308,2020

poste_07_1_1_1,0.580754696399992,2020

poste_07_1_1_2,0.580754696399992,2020

poste_07_1_2_1,1.2952330752339842,2020

poste_07_1_3_1,1.8951497204166385,2020

poste_07_1_4_1,0.0,2020

poste_07_2_1_1,6.787091589363253,2020

poste_07_2_2_1,1.083164112784633,2020

poste_07_2_3_1,0.5904022946134087,2020

poste_07_2_4_1,3.0245658566752316,2020

poste_07_2_4_2,3.0245658566752316,2020

poste_07_3_1_1,0.8249961190197396,2020

poste_07_3_2_1,2.234475054482524,2020

poste_07_3_3_1,0.5332114102935718,2020

poste_07_3_4_1,0.1755907019017844,2020

poste_07_3_5_1,0.5049388182550875,2020

poste_07_4_9_1,3.1938333062523094,2020

poste_07_5_1_1,0.0,2020

poste_07_5_1_2,0.0,2020

poste_07_4_1_1,3.178594637347314,2020

poste_08_1_2_1,3.1054083046840906,2020

poste_08_3_1_1,1.9013864599631911,2020

poste_08_4_1_1,0.0,2020

poste_09_1_2_1,2.5559302998592983,2020

poste_09_1_2_2,2.5559302998592983,2020

poste_09_1_1_1,1.0217339903687404,2020

poste_09_1_1_2,1.0217339903687404,2020

poste_08_1_1_1,3.1054083046840906,2020

poste_09_5_2_1,0.3941693405185592,2020

poste_09_4_1_1,0.8429621017273057,2020

poste_09_2_2_1,1.793800611261913,2020

poste_09_5_1_1,0.44535722484749535,2020

poste_09_1_2_3,2.5559302998592983,2020

poste_09_4_2_1,0.830785427134651,2020

poste_09_2_1_1,2.49680500385586,2020

poste_09_2_2_2,1.793800611261913,2020

poste_09_3_1_1,1.2798051989087804,2020

poste_09_3_2_1,1.2809202247758626,2020

poste_09_3_2_2,1.2809202247758626,2020

poste_09_4_2_2,0.830785427134651,2020

poste_09_6_1_1,1.112646283488477,2020

poste_09_6_1_2,1.112646283488477,2020

poste_09_6_9_1,0.04376137442465481,2020

poste_09_6_3_1,2.1081563761375732,2020

poste_09_4_7_1,8.7058585506534,2020

poste_09_7_1_1,1.083628961872512,2020

poste_09_7_2_1,1.262106159559849,2020

poste_09_7_3_1,1.6572329249566675,2020

poste_09_7_4_1,0.7636995916254693,2020

poste_09_8_1_1,0.177577483618988,2020

poste_09_9_1_1,0.0,2020

poste_09_9_1_2,0.0,2020

poste_10_1_1_1,0.9937866645019237,2020

poste_10_2_1_1,1.277709513246362,2020

poste_10_4_1_1,1.0149175916437239,2020

poste_10_5_1_1,6.439443490963885,2020

poste_10_6_1_1,0.0,2020

poste_10_6_1_2,0.0,2020

poste_11_1_1_1,1.4781196306170696,2020

poste_11_1_1_2,1.4781196306170696,2020

poste_11_1_2_1,0.8243033437372805,2020

poste_11_1_3_1,0.0,2020

poste_11_1_3_2,0.0,2020

poste_11_2_1_1,0.9170114111929769,2020

poste_13_1_3_1,1.0987340249635993,2020

poste_13_1_1_1,13.872045086405429,2020

poste_13_1_2_1,1.3690012388577264,2020

poste_13_1_3_2,1.0987340249635993,2020

poste_13_2_1_1,3.913797136012589,2020

poste_13_2_9_1,2.473821085968728,2020

poste_13_2_9_2,2.473821085968728,2020

poste_12_3_3_1,0.0,2020

poste_13_3_1_1,2.095086145779414,2020

poste_12_1_1_1,29.42640140342258,2020

poste_12_1_3_1,0.6444275185678802,2020

poste_12_1_2_1,0.4471898283225201,2020

poste_12_1_4_1,0.4494771442015083,2020

poste_12_1_9_1,0.5079408381436435,2020

poste_12_2_1_1,3.048252698611154,2020

poste_13_9_1_1,0.8419703561536872,2020

poste_13_9_1_2,0.8419703561536872,2020

poste_12_8_1_1,0.0,2020

poste_12_9_1_1,0.0,2020

loyer_impute,1.509011915116657,2021

poste_01_1_1_1,1.2009226341144414,2021

poste_01_1_1_2,1.2009226341144414,2021

poste_01_1_1_3,1.2009226341144414,2021

poste_01_1_1_4,1.2009226341144414,2021

poste_01_1_1_5,1.2009226341144414,2021

poste_01_1_2_1,1.1423787525942564,2021

poste_01_1_2_2,1.1423787525942564,2021

poste_01_1_2_3,1.1423787525942564,2021

poste_01_1_2_4,1.1423787525942564,2021

poste_01_1_2_5,1.1423787525942564,2021

poste_01_1_2_6,1.1423787525942564,2021

poste_01_1_2_7,1.1423787525942564,2021

poste_01_1_3_0,0.9186037099805289,2021

poste_01_1_3_1,0.9186037099805289,2021

poste_01_1_3_2,0.9186037099805289,2021

poste_01_1_3_3,0.9186037099805289,2021

poste_01_1_3_4,0.9186037099805289,2021

poste_01_1_4_1,1.2140485627327162,2021

poste_01_1_4_2,1.2140485627327162,2021

poste_01_1_4_3,1.2140485627327162,2021

poste_01_1_4_4,1.2140485627327162,2021

poste_01_1_4_5,1.2140485627327162,2021

poste_01_1_4_6,1.2140485627327162,2021

poste_01_1_4_7,1.2140485627327162,2021

poste_01_1_5_1,1.366642613509339,2021

poste_01_1_5_2,1.366642613509339,2021

poste_01_1_5_3,1.366642613509339,2021

poste_01_1_5_4,1.366642613509339,2021

poste_01_1_5_5,1.366642613509339,2021

poste_01_1_6_1,1.1516408278594876,2021

poste_01_1_6_2,1.1516408278594876,2021

poste_01_1_6_3,1.1516408278594876,2021

poste_01_1_6_4,1.1516408278594876,2021

poste_01_1_6_5,1.1516408278594876,2021

poste_01_1_6_6,1.1516408278594876,2021

poste_01_1_6_7,1.1516408278594876,2021

poste_01_1_6_8,1.1516408278594876,2021

poste_01_1_6_9,1.1516408278594876,2021

poste_01_1_7_1,1.3711444303800735,2021

poste_01_1_7_2,1.3711444303800735,2021

poste_01_1_7_3,1.3711444303800735,2021

poste_01_1_7_4,1.3711444303800735,2021

poste_01_1_7_5,1.3711444303800735,2021

poste_01_1_7_6,1.3711444303800735,2021

poste_01_1_7_7,1.3711444303800735,2021

poste_01_1_7_8,1.3711444303800735,2021

poste_01_1_7_9,1.3711444303800735,2021

poste_01_1_8_1,1.5899666072254506,2021

poste_01_1_8_2,1.5899666072254506,2021

poste_01_1_8_3,1.5899666072254506,2021

poste_01_1_8_4,1.5899666072254506,2021

poste_01_1_8_5,1.5899666072254506,2021

poste_01_1_8_6,1.5899666072254506,2021

poste_01_1_9_1,3.9996340684934,2021

poste_01_1_9_2,3.9996340684934,2021

poste_01_1_9_3,3.9996340684934,2021

poste_01_1_9_4,3.9996340684934,2021

poste_01_1_9_5,3.9996340684934,2021

poste_01_2_2_1,1.4345526958873707,2021

poste_01_2_3_1,1.0328697960624718,2021

poste_01_2_9_1,8.79750462155405,2021

poste_01_2_5_1,1.2773991771323465,2021

poste_01_2_6_1,1.8165528323891413,2021

poste_01_2_1_1,0.9199247287020489,2021

poste_01_2_1_2,0.9199247287020489,2021

poste_01_3_1_1,0.0,2021

poste_01_3_1_2,0.0,2021

poste_02_1_1_1,2.059958488618295,2021

poste_02_1_2_1,2.100291033496772,2021

poste_02_1_9_1,0.2000264113451137,2021

poste_02_1_3_1,2.776476118819777,2021

poste_02_3_1_1,2.19244200649998,2021

poste_02_3_1_2,2.19244200649998,2021

poste_02_3_1_3,2.19244200649998,2021

poste_02_5_1_1,0.0,2021

poste_03_1_1_1,1.1309698610412127,2021

poste_03_1_2_1,1.2073711168662393,2021

poste_03_1_2_2,1.2073711168662393,2021

poste_03_1_2_3,1.2073711168662393,2021

poste_03_1_3_1,3.0897796385640226,2021

poste_03_1_4_1,0.8069260019121838,2021

poste_03_2_1_1,0.8346038225332553,2021

poste_03_2_1_2,0.8346038225332553,2021

poste_03_2_1_3,0.8346038225332553,2021

poste_03_2_2_1,1.749228804092793,2021

poste_03_3_1_1,0.0,2021

poste_03_3_1_2,0.0,2021

poste_04_1_1_1,1.177959938656889,2021

poste_04_1_2_1,0.5051665676135358,2021

poste_04_3_1_1,0.9520870005310493,2021

poste_04_3_2_1,14.612050577530201,2021

poste_04_4_2_1,494.7547474176772,2021

poste_04_4_1_1,0.6414006660922152,2021

poste_04_4_4_1,0.34237796859730674,2021

poste_04_5_1_1,1.3609524791563865,2021

poste_04_5_2_1,1.2595518668100734,2021

poste_04_5_2_2,1.2595518668100734,2021

poste_04_5_3_1,0.8971756495790175,2021

poste_04_5_4_1,1.8974040156320928,2021

poste_04_5_5_1,133.2365464547361,2021

poste_04_5_5_2,133.2365464547361,2021

poste_04_6_1_1,0.0,2021

poste_05_1_1_0,1.495251941777628,2021

poste_05_1_1_1,1.495251941777628,2021

poste_05_1_1_2,1.495251941777628,2021

poste_05_1_1_3,1.495251941777628,2021

poste_05_1_1_4,1.495251941777628,2021

poste_05_1_1_5,1.495251941777628,2021

poste_05_1_1_6,1.495251941777628,2021

poste_05_1_2_1,1.495251941777628,2021

poste_05_1_3_1,1.495251941777628,2021

poste_05_2_1_1,1.2078298517192323,2021

poste_05_2_1_2,1.2078298517192323,2021

poste_05_3_1_1,1.9693906300957977,2021

poste_05_3_1_2,1.9693906300957977,2021

poste_05_3_1_3,1.9693906300957977,2021

poste_05_3_1_4,1.9693906300957977,2021

poste_05_3_1_5,1.9693906300957977,2021

poste_05_3_1_6,1.9693906300957977,2021

poste_05_3_1_7,1.9693906300957977,2021

poste_05_3_2_1,3.532796614553059,2021

poste_05_3_3_1,8.944704973059327,2021

poste_05_4_1_1,2.0084838847478306,2021

poste_05_4_1_2,2.0084838847478306,2021

poste_05_4_1_3,2.0084838847478306,2021

poste_05_4_1_4,2.0084838847478306,2021

poste_05_5_1_1,0.7938442717285055,2021

poste_05_5_1_2,0.7938442717285055,2021

poste_05_5_3_1,2.3563754718864063,2021

poste_05_5_2_1,0.6978710552278956,2021

poste_05_5_2_2,0.6978710552278956,2021

poste_05_5_3_2,2.3563754718864063,2021

poste_05_6_1_1,1.746657239592753,2021

poste_05_6_1_2,1.746657239592753,2021

poste_05_6_2_1,0.3817721444191648,2021

poste_05_6_2_2,0.3817721444191648,2021

poste_05_7_1_1,0.0,2021

poste_05_7_1_2,0.0,2021

poste_06_1_1_1,1.361355697084315,2021

poste_06_1_1_2,1.361355697084315,2021

poste_06_1_1_3,1.361355697084315,2021

poste_06_2_1_1,1.361355697084315,2021

poste_06_2_2_1,1.361355697084315,2021

poste_06_2_3_1,1.361355697084315,2021

poste_06_2_3_2,1.361355697084315,2021

poste_06_2_3_3,1.361355697084315,2021

poste_06_3_1_1,1.361355697084315,2021

poste_06_4_1_1,1.361355697084315,2021

poste_06_4_1_2,1.361355697084315,2021

poste_07_1_1_1,0.5759407880147615,2021

poste_07_1_1_2,0.5759407880147615,2021

poste_07_1_2_1,1.441791513420786,2021

poste_07_1_3_1,2.10698184731316,2021

poste_07_1_4_1,0.0,2021

poste_07_2_1_1,7.724219721309942,2021

poste_07_2_2_1,1.373876081561485,2021

poste_07_2_3_1,0.6741185858133143,2021

poste_07_2_4_1,3.782937029539371,2021

poste_07_2_4_2,3.782937029539371,2021

poste_07_3_1_1,1.098746273932306,2021

poste_07_3_2_1,2.6972381959109186,2021

poste_07_3_3_1,0.7365272098251026,2021

poste_07_3_4_1,0.25014725104958724,2021

poste_07_3_5_1,0.6354790434388765,2021

poste_07_4_9_1,3.644640830395657,2021

poste_07_5_1_1,0.0,2021

poste_07_5_1_2,0.0,2021

poste_07_4_1_1,3.190177311421799,2021

poste_08_1_2_1,3.212156219301444,2021

poste_08_3_1_1,2.000096668893941,2021

poste_08_4_1_1,0.0,2021

poste_09_1_2_1,2.929449532572321,2021

poste_09_1_2_2,2.929449532572321,2021

poste_09_1_1_1,1.0822373034515491,2021

poste_09_1_1_2,1.0822373034515491,2021

poste_08_1_1_1,3.212156219301444,2021

poste_09_5_2_1,0.39074053871629555,2021

poste_09_4_1_1,0.8813755645908284,2021

poste_09_2_2_1,2.0543678914635892,2021

poste_09_5_1_1,0.5331649360087187,2021

poste_09_1_2_3,2.929449532572321,2021

poste_09_4_2_1,0.8615116579119815,2021

poste_09_2_1_1,2.511609281304577,2021

poste_09_2_2_2,2.0543678914635892,2021

poste_09_3_1_1,1.4031408585511749,2021

poste_09_3_2_1,1.3413703653103906,2021

poste_09_3_2_2,1.3413703653103906,2021

poste_09_4_2_2,0.8615116579119815,2021

poste_09_6_1_1,1.35893569557495,2021

poste_09_6_1_2,1.35893569557495,2021

poste_09_6_9_1,0.049269706358604386,2021

poste_09_6_3_1,2.3752981315469004,2021

poste_09_4_7_1,10.001636330820727,2021

poste_09_7_1_1,1.3300185718061657,2021

poste_09_7_2_1,1.2912914458980322,2021

poste_09_7_3_1,2.027871576118591,2021

poste_09_7_4_1,0.8113577953608935,2021

poste_09_8_1_1,0.18221410249983883,2021

poste_09_9_1_1,0.0,2021

poste_09_9_1_2,0.0,2021

poste_10_1_1_1,0.948856105533193,2021

poste_10_2_1_1,1.1830488739125617,2021

poste_10_4_1_1,1.0391496672539147,2021

poste_10_5_1_1,6.72525673073025,2021

poste_10_6_1_1,0.0,2021

poste_10_6_1_2,0.0,2021

poste_11_1_1_1,1.7600378739770397,2021

poste_11_1_1_2,1.7600378739770397,2021

poste_11_1_2_1,0.8674282883970639,2021

poste_11_1_3_1,0.0,2021

poste_11_1_3_2,0.0,2021

poste_11_2_1_1,1.1900420565687533,2021

poste_13_1_3_1,1.3009951125279784,2021

poste_13_1_1_1,14.53719896997029,2021

poste_13_1_2_1,1.4102515251323942,2021

poste_13_1_3_2,1.3009951125279784,2021

poste_13_2_1_1,4.5980123233805905,2021

poste_13_2_9_1,2.597019640080679,2021

poste_13_2_9_2,2.597019640080679,2021

poste_12_3_3_1,0.0,2021

poste_13_3_1_1,2.1943007825481273,2021

poste_12_1_1_1,29.242509369667903,2021

poste_12_1_3_1,0.6691503510899054,2021

poste_12_1_2_1,0.4536759987184656,2021

poste_12_1_4_1,0.4805300451463431,2021

poste_12_1_9_1,0.5724739176266046,2021

poste_12_2_1_1,3.0670303872285194,2021

poste_13_9_1_1,0.9561829504811199,2021

poste_13_9_1_2,0.9561829504811199,2021

poste_12_8_1_1,0.0,2021

poste_12_9_1_1,0.0,2021

loyer_impute,1.5409580410298374,2022

poste_01_1_1_1,1.3074504814272125,2022

poste_01_1_1_2,1.3074504814272125,2022

poste_01_1_1_3,1.3074504814272125,2022

poste_01_1_1_4,1.3074504814272125,2022

poste_01_1_1_5,1.3074504814272125,2022

poste_01_1_2_1,1.1542947249347428,2022

poste_01_1_2_2,1.1542947249347428,2022

poste_01_1_2_3,1.1542947249347428,2022

poste_01_1_2_4,1.1542947249347428,2022

poste_01_1_2_5,1.1542947249347428,2022

poste_01_1_2_6,1.1542947249347428,2022

poste_01_1_2_7,1.1542947249347428,2022

poste_01_1_3_0,0.8792358351951931,2022

poste_01_1_3_1,0.8792358351951931,2022

poste_01_1_3_2,0.8792358351951931,2022

poste_01_1_3_3,0.8792358351951931,2022

poste_01_1_3_4,0.8792358351951931,2022

poste_01_1_4_1,1.2836069685165616,2022

poste_01_1_4_2,1.2836069685165616,2022

poste_01_1_4_3,1.2836069685165616,2022

poste_01_1_4_4,1.2836069685165616,2022

poste_01_1_4_5,1.2836069685165616,2022

poste_01_1_4_6,1.2836069685165616,2022

poste_01_1_4_7,1.2836069685165616,2022

poste_01_1_5_1,1.5042455061146305,2022

poste_01_1_5_2,1.5042455061146305,2022

poste_01_1_5_3,1.5042455061146305,2022

poste_01_1_5_4,1.5042455061146305,2022

poste_01_1_5_5,1.5042455061146305,2022

poste_01_1_6_1,1.1767153514728281,2022

poste_01_1_6_2,1.1767153514728281,2022

poste_01_1_6_3,1.1767153514728281,2022

poste_01_1_6_4,1.1767153514728281,2022

poste_01_1_6_5,1.1767153514728281,2022

poste_01_1_6_6,1.1767153514728281,2022

poste_01_1_6_7,1.1767153514728281,2022

poste_01_1_6_8,1.1767153514728281,2022

poste_01_1_6_9,1.1767153514728281,2022

poste_01_1_7_1,1.4218918116006545,2022

poste_01_1_7_2,1.4218918116006545,2022

poste_01_1_7_3,1.4218918116006545,2022

poste_01_1_7_4,1.4218918116006545,2022

poste_01_1_7_5,1.4218918116006545,2022

poste_01_1_7_6,1.4218918116006545,2022

poste_01_1_7_7,1.4218918116006545,2022

poste_01_1_7_8,1.4218918116006545,2022

poste_01_1_7_9,1.4218918116006545,2022

poste_01_1_8_1,1.6523816932467557,2022

poste_01_1_8_2,1.6523816932467557,2022

poste_01_1_8_3,1.6523816932467557,2022

poste_01_1_8_4,1.6523816932467557,2022

poste_01_1_8_5,1.6523816932467557,2022

poste_01_1_8_6,1.6523816932467557,2022

poste_01_1_9_1,4.2634966369838505,2022

poste_01_1_9_2,4.2634966369838505,2022

poste_01_1_9_3,4.2634966369838505,2022

poste_01_1_9_4,4.2634966369838505,2022

poste_01_1_9_5,4.2634966369838505,2022

poste_01_2_2_1,1.5079897289883932,2022

poste_01_2_3_1,1.085842322320832,2022

poste_01_2_9_1,9.88143950927998,2022

poste_01_2_5_1,1.3695215280309294,2022

poste_01_2_6_1,2.0533093018352666,2022

poste_01_2_1_1,0.9591786447986562,2022

poste_01_2_1_2,0.9591786447986562,2022

poste_01_3_1_1,0.0,2022

poste_01_3_1_2,0.0,2022

poste_02_1_1_1,1.974251378762823,2022

poste_02_1_2_1,2.057037694667063,2022

poste_02_1_9_1,0.2017821950388792,2022

poste_02_1_3_1,2.8435166498236546,2022

poste_02_3_1_1,2.067366678552883,2022

poste_02_3_1_2,2.067366678552883,2022

poste_02_3_1_3,2.067366678552883,2022

poste_02_5_1_1,0.0,2022

poste_03_1_1_1,1.1568390074773007,2022

poste_03_1_2_1,1.2523449012080738,2022

poste_03_1_2_2,1.2523449012080738,2022

poste_03_1_2_3,1.2523449012080738,2022

poste_03_1_3_1,3.2036809138638733,2022

poste_03_1_4_1,0.9938219746136447,2022

poste_03_2_1_1,0.8933920213859943,2022

poste_03_2_1_2,0.8933920213859943,2022

poste_03_2_1_3,0.8933920213859943,2022

poste_03_2_2_1,1.9424933517652552,2022

poste_03_3_1_1,0.0,2022

poste_03_3_1_2,0.0,2022

poste_04_1_1_1,1.2189393455189472,2022

poste_04_1_2_1,0.5363193492191209,2022

poste_04_3_1_1,0.9456754306680419,2022

poste_04_3_2_1,15.673772699832355,2022

poste_04_4_2_1,555.0621564709979,2022

poste_04_4_1_1,0.6519049532454086,2022

poste_04_4_4_1,0.36349861021692526,2022

poste_04_5_1_1,1.3333818308750411,2022

poste_04_5_2_1,1.2553575388451161,2022

poste_04_5_2_2,1.2553575388451161,2022

poste_04_5_3_1,1.1443359809495288,2022

poste_04_5_4_1,2.448244927356617,2022

poste_04_5_5_1,173.4968227407867,2022

poste_04_5_5_2,173.4968227407867,2022

poste_04_6_1_1,0.0,2022

poste_05_1_1_0,1.5433772528978813,2022

poste_05_1_1_1,1.5433772528978813,2022

poste_05_1_1_2,1.5433772528978813,2022

poste_05_1_1_3,1.5433772528978813,2022

poste_05_1_1_4,1.5433772528978813,2022

poste_05_1_1_5,1.5433772528978813,2022

poste_05_1_1_6,1.5433772528978813,2022

poste_05_1_2_1,1.5433772528978813,2022

poste_05_1_3_1,1.5433772528978813,2022

poste_05_2_1_1,1.123683600065499,2022

poste_05_2_1_2,1.123683600065499,2022

poste_05_3_1_1,1.9616350234638285,2022

poste_05_3_1_2,1.9616350234638285,2022

poste_05_3_1_3,1.9616350234638285,2022

poste_05_3_1_4,1.9616350234638285,2022

poste_05_3_1_5,1.9616350234638285,2022

poste_05_3_1_6,1.9616350234638285,2022

poste_05_3_1_7,1.9616350234638285,2022

poste_05_3_2_1,3.3112716878096173,2022

poste_05_3_3_1,9.864555088393383,2022

poste_05_4_1_1,2.0988375885078874,2022

poste_05_4_1_2,2.0988375885078874,2022

poste_05_4_1_3,2.0988375885078874,2022

poste_05_4_1_4,2.0988375885078874,2022

poste_05_5_1_1,0.7213997712598432,2022

poste_05_5_1_2,0.7213997712598432,2022

poste_05_5_3_1,2.598698975692671,2022

poste_05_5_2_1,0.6736377768708133,2022

poste_05_5_2_2,0.6736377768708133,2022

poste_05_5_3_2,2.598698975692671,2022

poste_05_6_1_1,1.7670609971121116,2022

poste_05_6_1_2,1.7670609971121116,2022

poste_05_6_2_1,0.4051000406062464,2022

poste_05_6_2_2,0.4051000406062464,2022

poste_05_7_1_1,0.0,2022

poste_05_7_1_2,0.0,2022

poste_06_1_1_1,1.4008209128598286,2022

poste_06_1_1_2,1.4008209128598286,2022

poste_06_1_1_3,1.4008209128598286,2022

poste_06_2_1_1,1.4008209128598286,2022

poste_06_2_2_1,1.4008209128598286,2022

poste_06_2_3_1,1.4008209128598286,2022

poste_06_2_3_2,1.4008209128598286,2022

poste_06_2_3_3,1.4008209128598286,2022

poste_06_3_1_1,1.4008209128598286,2022

poste_06_4_1_1,1.4008209128598286,2022

poste_06_4_1_2,1.4008209128598286,2022

poste_07_1_1_1,0.5760720939795411,2022

poste_07_1_1_2,0.5760720939795411,2022

poste_07_1_2_1,1.4127426266972414,2022

poste_07_1_3_1,2.11489989174261,2022

poste_07_1_4_1,0.0,2022

poste_07_2_1_1,8.284932858660643,2022

poste_07_2_2_1,1.756197464981749,2022

poste_07_2_3_1,0.7225348712249017,2022

poste_07_2_4_1,4.249100288672135,2022

poste_07_2_4_2,4.249100288672135,2022

poste_07_3_1_1,1.492053878169196,2022

poste_07_3_2_1,3.6210015715622674,2022

poste_07_3_3_1,2.349685020127989,2022

poste_07_3_4_1,0.6037583127220237,2022

poste_07_3_5_1,0.7447523667711309,2022

poste_07_4_9_1,3.8852248458313414,2022

poste_07_5_1_1,0.0,2022

poste_07_5_1_2,0.0,2022

poste_07_4_1_1,2.967944404846015,2022

poste_08_1_2_1,3.0493963925920418,2022

poste_08_3_1_1,2.0705237935148006,2022

poste_08_4_1_1,0.0,2022

poste_09_1_2_1,2.9368060574446377,2022

poste_09_1_2_2,2.9368060574446377,2022

poste_09_1_1_1,1.1174261739685538,2022

poste_09_1_1_2,1.1174261739685538,2022

poste_08_1_1_1,3.0493963925920418,2022

poste_09_5_2_1,0.3586669551909543,2022

poste_09_4_1_1,1.010487481437669,2022

poste_09_2_2_1,2.214963926677292,2022

poste_09_5_1_1,0.5974410521192917,2022

poste_09_1_2_3,2.9368060574446377,2022

poste_09_4_2_1,1.3790477077196464,2022

poste_09_2_1_1,2.4629170875084045,2022

poste_09_2_2_2,2.214963926677292,2022

poste_09_3_1_1,1.2596007758464915,2022

poste_09_3_2_1,1.4664796082070721,2022

poste_09_3_2_2,1.4664796082070721,2022

poste_09_4_2_2,1.3790477077196464,2022

poste_09_6_1_1,2.1993760592526814,2022

poste_09_6_1_2,2.1993760592526814,2022

poste_09_6_9_1,0.05148631222118168,2022

poste_09_6_3_1,2.63667751824085,2022

poste_09_4_7_1,11.69926230895368,2022

poste_09_7_1_1,1.3034442420295116,2022

poste_09_7_2_1,1.3243761024561167,2022

poste_09_7_3_1,1.9526935648463737,2022

poste_09_7_4_1,0.8281038853353427,2022

poste_09_8_1_1,0.40208142498561456,2022

poste_09_9_1_1,0.0,2022

poste_09_9_1_2,0.0,2022

poste_10_1_1_1,0.9804202258123011,2022

poste_10_2_1_1,1.2068882985459632,2022

poste_10_4_1_1,1.102634695156887,2022

poste_10_5_1_1,6.890176927545107,2022

poste_10_6_1_1,0.0,2022

poste_10_6_1_2,0.0,2022

poste_11_1_1_1,2.5794314000314054,2022

poste_11_1_1_2,2.5794314000314054,2022

poste_11_1_2_1,1.0146516004828543,2022

poste_11_1_3_1,0.0,2022

poste_11_1_3_2,0.0,2022

poste_11_2_1_1,2.1348707144682604,2022

poste_13_1_3_1,1.4546652883943803,2022

poste_13_1_1_1,14.325262683540311,2022

poste_13_1_2_1,1.5107349336199105,2022

poste_13_1_3_2,1.4546652883943803,2022

poste_13_2_1_1,5.616945555037175,2022

poste_13_2_9_1,2.7757408520322637,2022

poste_13_2_9_2,2.7757408520322637,2022

poste_12_3_3_1,0.0,2022

poste_13_3_1_1,2.3124065132478586,2022

poste_12_1_1_1,32.43098218881764,2022

poste_12_1_3_1,0.7123406166665249,2022

poste_12_1_2_1,0.42603112058307613,2022

poste_12_1_4_1,0.5035179975055053,2022

poste_12_1_9_1,0.9028955810987243,2022

poste_12_2_1_1,3.861794277520272,2022

poste_13_9_1_1,1.0500707666308262,2022

poste_13_9_1_2,1.0500707666308262,2022

poste_12_8_1_1,0.0,2022

poste_12_9_1_1,0.0,2022

loyer_impute,1.5824204122788856,2023

poste_01_1_1_1,1.4583046764971033,2023

poste_01_1_1_2,1.4583046764971033,2023

poste_01_1_1_3,1.4583046764971033,2023

poste_01_1_1_4,1.4583046764971033,2023

poste_01_1_1_5,1.4583046764971033,2023

poste_01_1_2_1,1.2253379234961883,2023

poste_01_1_2_2,1.2253379234961883,2023

poste_01_1_2_3,1.2253379234961883,2023

poste_01_1_2_4,1.2253379234961883,2023

poste_01_1_2_5,1.2253379234961883,2023

poste_01_1_2_6,1.2253379234961883,2023

poste_01_1_2_7,1.2253379234961883,2023

poste_01_1_3_0,0.8787661716951933,2023

poste_01_1_3_1,0.8787661716951933,2023

poste_01_1_3_2,0.8787661716951933,2023

poste_01_1_3_3,0.8787661716951933,2023

poste_01_1_3_4,0.8787661716951933,2023

poste_01_1_4_1,1.4557015161196856,2023

poste_01_1_4_2,1.4557015161196856,2023

poste_01_1_4_3,1.4557015161196856,2023

poste_01_1_4_4,1.4557015161196856,2023

poste_01_1_4_5,1.4557015161196856,2023

poste_01_1_4_6,1.4557015161196856,2023

poste_01_1_4_7,1.4557015161196856,2023

poste_01_1_5_1,1.629181924811437,2023

poste_01_1_5_2,1.629181924811437,2023

poste_01_1_5_3,1.629181924811437,2023

poste_01_1_5_4,1.629181924811437,2023

poste_01_1_5_5,1.629181924811437,2023

poste_01_1_6_1,1.2586060850920693,2023

poste_01_1_6_2,1.2586060850920693,2023

poste_01_1_6_3,1.2586060850920693,2023

poste_01_1_6_4,1.2586060850920693,2023

poste_01_1_6_5,1.2586060850920693,2023

poste_01_1_6_6,1.2586060850920693,2023

poste_01_1_6_7,1.2586060850920693,2023

poste_01_1_6_8,1.2586060850920693,2023

poste_01_1_6_9,1.2586060850920693,2023

poste_01_1_7_1,1.5359260780289465,2023

poste_01_1_7_2,1.5359260780289465,2023

poste_01_1_7_3,1.5359260780289465,2023

poste_01_1_7_4,1.5359260780289465,2023

poste_01_1_7_5,1.5359260780289465,2023

poste_01_1_7_6,1.5359260780289465,2023

poste_01_1_7_7,1.5359260780289465,2023

poste_01_1_7_8,1.5359260780289465,2023

poste_01_1_7_9,1.5359260780289465,2023

poste_01_1_8_1,1.8340438952912392,2023

poste_01_1_8_2,1.8340438952912392,2023

poste_01_1_8_3,1.8340438952912392,2023

poste_01_1_8_4,1.8340438952912392,2023

poste_01_1_8_5,1.8340438952912392,2023

poste_01_1_8_6,1.8340438952912392,2023

poste_01_1_9_1,4.588023120107164,2023

poste_01_1_9_2,4.588023120107164,2023

poste_01_1_9_3,4.588023120107164,2023

poste_01_1_9_4,4.588023120107164,2023

poste_01_1_9_5,4.588023120107164,2023

poste_01_2_2_1,1.63637982869533,2023

poste_01_2_3_1,1.1781839673955063,2023

poste_01_2_9_1,10.739180739334499,2023

poste_01_2_5_1,1.4244697863781246,2023

poste_01_2_6_1,2.2394306141232083,2023

poste_01_2_1_1,0.9966115641174124,2023

poste_01_2_1_2,0.9966115641174124,2023

poste_01_3_1_1,0.0,2023

poste_01_3_1_2,0.0,2023

poste_02_1_1_1,1.9784578028796145,2023

poste_02_1_2_1,2.0904213031546552,2023

poste_02_1_9_1,0.21175565307911692,2023

poste_02_1_3_1,3.0200755353731714,2023

poste_02_3_1_1,2.096111663976539,2023

poste_02_3_1_2,2.096111663976539,2023

poste_02_3_1_3,2.096111663976539,2023

poste_02_5_1_1,0.0,2023

poste_03_1_1_1,1.1830119806664452,2023

poste_03_1_2_1,1.2456822315319598,2023

poste_03_1_2_2,1.2456822315319598,2023

poste_03_1_2_3,1.2456822315319598,2023

poste_03_1_3_1,3.179937645106033,2023

poste_03_1_4_1,1.1065931039046957,2023

poste_03_2_1_1,0.8863343092143398,2023

poste_03_2_1_2,0.8863343092143398,2023

poste_03_2_1_3,0.8863343092143398,2023

poste_03_2_2_1,2.085287539854463,2023

poste_03_3_1_1,0.0,2023

poste_03_3_1_2,0.0,2023

poste_04_1_1_1,1.2755971548686282,2023

poste_04_1_2_1,0.5401502017135432,2023

poste_04_3_1_1,0.9417226667233723,2023

poste_04_3_2_1,16.55916994208245,2023

poste_04_4_2_1,539.1484535970392,2023

poste_04_4_1_1,0.6795690216607634,2023

poste_04_4_4_1,0.3834181342669596,2023

poste_04_5_1_1,1.521450773805696,2023

poste_04_5_2_1,1.4355400829397333,2023

poste_04_5_2_2,1.4355400829397333,2023

poste_04_5_3_1,0.8964143754577532,2023

poste_04_5_4_1,2.834401442792366,2023

poste_04_5_5_1,167.79550109544107,2023

poste_04_5_5_2,167.79550109544107,2023

poste_04_6_1_1,0.0,2023

poste_05_1_1_0,1.5206172742986197,2023

poste_05_1_1_1,1.5206172742986197,2023

poste_05_1_1_2,1.5206172742986197,2023

poste_05_1_1_3,1.5206172742986197,2023

poste_05_1_1_4,1.5206172742986197,2023

poste_05_1_1_5,1.5206172742986197,2023

poste_05_1_1_6,1.5206172742986197,2023

poste_05_1_2_1,1.5206172742986197,2023

poste_05_1_3_1,1.5206172742986197,2023

poste_05_2_1_1,1.1373761576740495,2023

poste_05_2_1_2,1.1373761576740495,2023

poste_05_3_1_1,1.8799139091380772,2023

poste_05_3_1_2,1.8799139091380772,2023

poste_05_3_1_3,1.8799139091380772,2023

poste_05_3_1_4,1.8799139091380772,2023

poste_05_3_1_5,1.8799139091380772,2023

poste_05_3_1_6,1.8799139091380772,2023

poste_05_3_1_7,1.8799139091380772,2023

poste_05_3_2_1,3.3152937884348472,2023

poste_05_3_3_1,10.537050550864501,2023

poste_05_4_1_1,2.12954030337781,2023

poste_05_4_1_2,2.12954030337781,2023

poste_05_4_1_3,2.12954030337781,2023

poste_05_4_1_4,2.12954030337781,2023

poste_05_5_1_1,0.7631248117215137,2023

poste_05_5_1_2,0.7631248117215137,2023

poste_05_5_3_1,2.7758598566266626,2023

poste_05_5_2_1,0.630986154485547,2023

poste_05_5_2_2,0.630986154485547,2023

poste_05_5_3_2,2.7758598566266626,2023

poste_05_6_1_1,1.8812234559118604,2023

poste_05_6_1_2,1.8812234559118604,2023

poste_05_6_2_1,0.42292220530111857,2023

poste_05_6_2_2,0.42292220530111857,2023

poste_05_7_1_1,0.0,2023

poste_05_7_1_2,0.0,2023

poste_06_1_1_1,1.4500910088716739,2023

poste_06_1_1_2,1.4500910088716739,2023

poste_06_1_1_3,1.4500910088716739,2023

poste_06_2_1_1,1.4500910088716739,2023

poste_06_2_2_1,1.4500910088716739,2023

poste_06_2_3_1,1.4500910088716739,2023

poste_06_2_3_2,1.4500910088716739,2023

poste_06_2_3_3,1.4500910088716739,2023

poste_06_3_1_1,1.4500910088716739,2023

poste_06_4_1_1,1.4500910088716739,2023

poste_06_4_1_2,1.4500910088716739,2023

poste_07_1_1_1,0.6830188713224997,2023

poste_07_1_1_2,0.6830188713224997,2023

poste_07_1_2_1,1.5796212069701414,2023

poste_07_1_3_1,1.9774582810289465,2023

poste_07_1_4_1,0.0,2023

poste_07_2_1_1,8.889180780959316,2023

poste_07_2_2_1,1.7258989755219416,2023

poste_07_2_3_1,0.7835340570514184,2023

poste_07_2_4_1,4.564783679616601,2023

poste_07_2_4_2,4.564783679616601,2023

poste_07_3_1_1,1.6217921183786979,2023

poste_07_3_2_1,4.2061214912183384,2023

poste_07_3_3_1,3.115206505380721,2023

poste_07_3_4_1,0.7791437188125694,2023

poste_07_3_5_1,0.8436924406153438,2023

poste_07_4_9_1,3.767002872663137,2023

poste_07_5_1_1,0.0,2023

poste_07_5_1_2,0.0,2023

poste_07_4_1_1,2.6216996678460793,2023

poste_08_1_2_1,2.899132141172297,2023

poste_08_3_1_1,2.1511193603518346,2023

poste_08_4_1_1,0.0,2023

poste_09_1_2_1,2.977100590664867,2023

poste_09_1_2_2,2.977100590664867,2023

poste_09_1_1_1,1.1249666462221977,2023

poste_09_1_1_2,1.1249666462221977,2023

poste_08_1_1_1,2.899132141172297,2023

poste_09_5_2_1,0.33695121044328447,2023

poste_09_4_1_1,1.091049049387557,2023

poste_09_2_2_1,2.2484865379548733,2023

poste_09_5_1_1,0.6477725193109606,2023

poste_09_1_2_3,2.977100590664867,2023

poste_09_4_2_1,1.5647868761913302,2023

poste_09_2_1_1,2.594362879074556,2023

poste_09_2_2_2,2.2484865379548733,2023

poste_09_3_1_1,1.2419848197957415,2023

poste_09_3_2_1,1.6843792799668784,2023

poste_09_3_2_2,1.6843792799668784,2023

poste_09_4_2_2,1.5647868761913302,2023

poste_09_6_1_1,2.5504720018800495,2023

poste_09_6_1_2,2.5504720018800495,2023

poste_09_6_9_1,0.05411438384268052,2023

poste_09_6_3_1,2.931221616965752,2023

poste_09_4_7_1,12.010055358425728,2023

poste_09_7_1_1,1.316465071764175,2023

poste_09_7_2_1,1.2823228943922598,2023

poste_09_7_3_1,1.9010086820967247,2023

poste_09_7_4_1,0.8525901738735637,2023

poste_09_8_1_1,0.5151252462185381,2023

poste_09_9_1_1,0.0,2023

poste_09_9_1_2,0.0,2023

poste_10_1_1_1,1.067865722299831,2023

poste_10_2_1_1,1.3216242428342075,2023

poste_10_4_1_1,1.1874921127284748,2023

poste_10_5_1_1,7.242394158451902,2023

poste_10_6_1_1,0.0,2023

poste_10_6_1_2,0.0,2023

poste_11_1_1_1,2.856495597324349,2023

poste_11_1_1_2,2.856495597324349,2023

poste_11_1_2_1,1.1379542718074354,2023

poste_11_1_3_1,0.0,2023

poste_11_1_3_2,0.0,2023

poste_11_2_1_1,2.4272721914423183,2023

poste_13_1_3_1,1.5375884165053142,2023

poste_13_1_1_1,13.940516809713577,2023

poste_13_1_2_1,1.5863604584568012,2023

poste_13_1_3_2,1.5375884165053142,2023

poste_13_2_1_1,5.937138218969099,2023

poste_13_2_9_1,3.1287238215105377,2023

poste_13_2_9_2,3.1287238215105377,2023

poste_12_3_3_1,0.0,2023

poste_13_3_1_1,2.498529140531468,2023

poste_12_1_1_1,33.427638413739935,2023

poste_12_1_3_1,0.7466239403148922,2023

poste_12_1_2_1,0.47776158687665815,2023

poste_12_1_4_1,0.5318722226551343,2023

poste_12_1_9_1,0.6854127185099399,2023

poste_12_2_1_1,11.509108858442492,2023

poste_13_9_1_1,1.0910661020844588,2023

poste_13_9_1_2,1.0910661020844588,2023

poste_12_8_1_1,0.0,2023

poste_12_9_1_1,0.0,2023

loyer_impute,1.627967113005274,2024

poste_01_1_1_1,1.5002789623145185,2024

poste_01_1_1_2,1.5002789623145185,2024

poste_01_1_1_3,1.5002789623145185,2024

poste_01_1_1_4,1.5002789623145185,2024

poste_01_1_1_5,1.5002789623145185,2024

poste_01_1_2_1,1.2606067428675216,2024

poste_01_1_2_2,1.2606067428675216,2024

poste_01_1_2_3,1.2606067428675216,2024

poste_01_1_2_4,1.2606067428675216,2024

poste_01_1_2_5,1.2606067428675216,2024

poste_01_1_2_6,1.2606067428675216,2024

poste_01_1_2_7,1.2606067428675216,2024

poste_01_1_3_0,0.9040596395499425,2024

poste_01_1_3_1,0.9040596395499425,2024

poste_01_1_3_2,0.9040596395499425,2024

poste_01_1_3_3,0.9040596395499425,2024

poste_01_1_3_4,0.9040596395499425,2024

poste_01_1_4_1,1.4976008753463332,2024

poste_01_1_4_2,1.4976008753463332,2024

poste_01_1_4_3,1.4976008753463332,2024

poste_01_1_4_4,1.4976008753463332,2024

poste_01_1_4_5,1.4976008753463332,2024

poste_01_1_4_6,1.4976008753463332,2024

poste_01_1_4_7,1.4976008753463332,2024

poste_01_1_5_1,1.6760745590206765,2024

poste_01_1_5_2,1.6760745590206765,2024

poste_01_1_5_3,1.6760745590206765,2024

poste_01_1_5_4,1.6760745590206765,2024

poste_01_1_5_5,1.6760745590206765,2024

poste_01_1_6_1,1.2948324597301113,2024

poste_01_1_6_2,1.2948324597301113,2024

poste_01_1_6_3,1.2948324597301113,2024

poste_01_1_6_4,1.2948324597301113,2024

poste_01_1_6_5,1.2948324597301113,2024

poste_01_1_6_6,1.2948324597301113,2024

poste_01_1_6_7,1.2948324597301113,2024

poste_01_1_6_8,1.2948324597301113,2024

poste_01_1_6_9,1.2948324597301113,2024

poste_01_1_7_1,1.5801345354470948,2024

poste_01_1_7_2,1.5801345354470948,2024

poste_01_1_7_3,1.5801345354470948,2024

poste_01_1_7_4,1.5801345354470948,2024

poste_01_1_7_5,1.5801345354470948,2024

poste_01_1_7_6,1.5801345354470948,2024

poste_01_1_7_7,1.5801345354470948,2024

poste_01_1_7_8,1.5801345354470948,2024

poste_01_1_7_9,1.5801345354470948,2024

poste_01_1_8_1,1.8868330578738863,2024

poste_01_1_8_2,1.8868330578738863,2024

poste_01_1_8_3,1.8868330578738863,2024

poste_01_1_8_4,1.8868330578738863,2024

poste_01_1_8_5,1.8868330578738863,2024

poste_01_1_8_6,1.8868330578738863,2024

poste_01_1_9_1,4.720079882239251,2024

poste_01_1_9_2,4.720079882239251,2024

poste_01_1_9_3,4.720079882239251,2024

poste_01_1_9_4,4.720079882239251,2024

poste_01_1_9_5,4.720079882239251,2024

poste_01_2_2_1,1.6834796396898997,2024

poste_01_2_3_1,1.2120955576070553,2024

poste_01_2_9_1,11.048285859178502,2024

poste_01_2_5_1,1.465470204819714,2024

poste_01_2_6_1,2.3038879954787044,2024

poste_01_2_1_1,1.0252969680082424,2024

poste_01_2_1_2,1.0252969680082424,2024

poste_01_3_1_1,0.0,2024

poste_01_3_1_2,0.0,2024

poste_02_1_1_1,2.0354036212906474,2024

poste_02_1_2_1,2.1505897594941024,2024

poste_02_1_9_1,0.21785060185699937,2024

poste_02_1_3_1,3.1070021672046155,2024

poste_02_3_1_1,2.156443905590347,2024

poste_02_3_1_2,2.156443905590347,2024

poste_02_3_1_3,2.156443905590347,2024

poste_02_5_1_1,0.0,2024

poste_03_1_1_1,1.2170625352605617,2024

poste_03_1_2_1,1.2815366197587001,2024

poste_03_1_2_2,1.2815366197587001,2024

poste_03_1_2_3,1.2815366197587001,2024

poste_03_1_3_1,3.2714655773333723,2024

poste_03_1_4_1,1.1384440990879843,2024

poste_03_2_1_1,0.9118456102643422,2024

poste_03_2_1_2,0.9118456102643422,2024

poste_03_2_1_3,0.9118456102643422,2024

poste_03_2_2_1,2.1453082314287313,2024

poste_03_3_1_1,0.0,2024

poste_03_3_1_2,0.0,2024

poste_04_1_1_1,1.3123125823298827,2024

poste_04_1_2_1,0.5556973087868873,2024

poste_04_3_1_1,0.968828207157305,2024

poste_04_3_2_1,17.035791421290536,2024

poste_04_4_2_1,554.6667274214491,2024

poste_04_4_1_1,0.6991290112895197,2024

poste_04_4_4_1,0.39445403274186475,2024

poste_04_5_1_1,1.5652425895120312,2024

poste_04_5_2_1,1.4768591369856992,2024

poste_04_5_2_2,1.4768591369856992,2024

poste_04_5_3_1,0.9222158103792151,2024

poste_04_5_4_1,2.9159838296546474,2024

poste_04_5_5_1,172.62514776349826,2024

poste_04_5_5_2,172.62514776349826,2024

poste_04_6_1_1,0.0,2024

poste_05_1_1_0,1.5643850994444757,2024

poste_05_1_1_1,1.5643850994444757,2024

poste_05_1_1_2,1.5643850994444757,2024

poste_05_1_1_3,1.5643850994444757,2024

poste_05_1_1_4,1.5643850994444757,2024

poste_05_1_1_5,1.5643850994444757,2024

poste_05_1_1_6,1.5643850994444757,2024

poste_05_1_2_1,1.5643850994444757,2024

poste_05_1_3_1,1.5643850994444757,2024

poste_05_2_1_1,1.1701131794319435,2024

poste_05_2_1_2,1.1701131794319435,2024

poste_05_3_1_1,1.9340233452566227,2024

poste_05_3_1_2,1.9340233452566227,2024

poste_05_3_1_3,1.9340233452566227,2024

poste_05_3_1_4,1.9340233452566227,2024

poste_05_3_1_5,1.9340233452566227,2024

poste_05_3_1_6,1.9340233452566227,2024

poste_05_3_1_7,1.9340233452566227,2024

poste_05_3_2_1,3.4107176674686346,2024

poste_05_3_3_1,10.840337771033694,2024

poste_05_4_1_1,2.1908347192802493,2024

poste_05_4_1_2,2.1908347192802493,2024

poste_05_4_1_3,2.1908347192802493,2024

poste_05_4_1_4,2.1908347192802493,2024

poste_05_5_1_1,0.7850897820585088,2024

poste_05_5_1_2,0.7850897820585088,2024

poste_05_5_3_1,2.8557572449358117,2024

poste_05_5_2_1,0.6491477867027777,2024

poste_05_5_2_2,0.6491477867027777,2024

poste_05_5_3_2,2.8557572449358117,2024

poste_05_6_1_1,1.935370584627474,2024

poste_05_6_1_2,1.935370584627474,2024

poste_05_6_2_1,0.43509514680637473,2024

poste_05_6_2_2,0.43509514680637473,2024

poste_05_7_1_1,0.0,2024

poste_05_7_1_2,0.0,2024

poste_06_1_1_1,1.4918288812440283,2024

poste_06_1_1_2,1.4918288812440283,2024

poste_06_1_1_3,1.4918288812440283,2024

poste_06_2_1_1,1.4918288812440283,2024

poste_06_2_2_1,1.4918288812440283,2024

poste_06_2_3_1,1.4918288812440283,2024

poste_06_2_3_2,1.4918288812440283,2024

poste_06_2_3_3,1.4918288812440283,2024

poste_06_3_1_1,1.4918288812440283,2024

poste_06_4_1_1,1.4918288812440283,2024

poste_06_4_1_2,1.4918288812440283,2024

poste_07_1_1_1,0.7026781577429777,2024

poste_07_1_1_2,0.7026781577429777,2024

poste_07_1_2_1,1.625087338357636,2024

poste_07_1_3_1,2.034375330269506,2024

poste_07_1_4_1,0.0,2024

poste_07_2_1_1,9.145037475925763,2024

poste_07_2_2_1,1.7755754101230796,2024

poste_07_2_3_1,0.8060864653296076,2024

poste_07_2_4_1,4.696171542489767,2024

poste_07_2_4_2,4.696171542489767,2024

poste_07_3_1_1,1.6684720522843985,2024

poste_07_3_2_1,4.327186004348234,2024

poste_07_3_3_1,3.204871285549436,2024

poste_07_3_4_1,0.8015697602793216,2024

poste_07_3_5_1,0.8679763836178754,2024

poste_07_4_9_1,3.8754282640100195,2024

poste_07_5_1_1,0.0,2024

poste_07_5_1_2,0.0,2024

poste_07_4_1_1,2.6971598737681526,2024

poste_08_1_2_1,2.982577667389988,2024

poste_08_3_1_1,2.2130348848056594,2024

poste_08_4_1_1,0.0,2024

poste_09_1_2_1,3.0627902775414975,2024

poste_09_1_2_2,3.0627902775414975,2024

poste_09_1_1_1,1.1573464858432383,2024

poste_09_1_1_2,1.1573464858432383,2024

poste_08_1_1_1,2.982577667389988,2024

poste_09_5_2_1,0.34664965456241265,2024

poste_09_4_1_1,1.122452641090915,2024

poste_09_2_2_1,2.313204575359395,2024

poste_09_5_1_1,0.6664173123425075,2024

poste_09_1_2_3,3.0627902775414975,2024

poste_09_4_2_1,1.6098260320297129,2024

poste_09_2_1_1,2.6690362520366047,2024

poste_09_2_2_2,2.313204575359395,2024

poste_09_3_1_1,1.2777327856681535,2024

poste_09_3_2_1,1.7328606559520991,2024

poste_09_3_2_2,1.7328606559520991,2024

poste_09_4_2_2,1.6098260320297129,2024

poste_09_6_1_1,2.623882066663889,2024

poste_09_6_1_2,2.623882066663889,2024

poste_09_6_9_1,0.05567195452791071,2024

poste_09_6_3_1,3.0155907724156563,2024

poste_09_4_7_1,12.355739977300049,2024

poste_09_7_1_1,1.35435679773985,2024

poste_09_7_2_1,1.3192319083636916,2024

poste_09_7_3_1,1.9557252876522815,2024

poste_09_7_4_1,0.877130219736442,2024

poste_09_8_1_1,0.5299520616741945,2024

poste_09_9_1_1,0.0,2024

poste_09_9_1_2,0.0,2024

poste_10_1_1_1,1.0986020298525845,2024

poste_10_2_1_1,1.3596644648851983,2024

poste_10_4_1_1,1.2216716186636258,2024

poste_10_5_1_1,7.450851504374596,2024

poste_10_6_1_1,0.0,2024

poste_10_6_1_2,0.0,2024

poste_11_1_1_1,2.9387139187565223,2024

poste_11_1_1_2,2.9387139187565223,2024

poste_11_1_2_1,1.170707933385705,2024

poste_11_1_3_1,0.0,2024

poste_11_1_3_2,0.0,2024

poste_11_2_1_1,2.4971362043350083,2024

poste_13_1_3_1,1.581844720900474,2024

poste_13_1_1_1,14.341765771226155,2024

poste_13_1_2_1,1.6320205652684,2024

poste_13_1_3_2,1.581844720900474,2024

poste_13_2_1_1,6.108026470619716,2024

poste_13_2_9_1,3.2187776696839445,2024

poste_13_2_9_2,3.2187776696839445,2024

poste_12_3_3_1,0.0,2024

poste_13_3_1_1,2.5704441374165627,2024

poste_12_1_1_1,34.389783891014154,2024

poste_12_1_3_1,0.7681139671755202,2024

poste_12_1_2_1,0.49151296662832455,2024

poste_12_1_4_1,0.54718106521175,2024

poste_12_1_9_1,0.7051409068736594,2024

poste_12_2_1_1,11.840374767764267,2024

poste_13_9_1_1,1.1224701846144494,2024

poste_13_9_1_2,1.1224701846144494,2024

poste_12_8_1_1,0.0,2024

poste_12_9_1_1,0.0,2024

