depenses_carburants,1.5424368990566797,2025
depenses_diesel,1.5424368990566797,2025
depenses_essence,1.5424368990566797,2025
loyer_impute,1.6792885937575115,2025
poste_01_1_1_1,1.5778943184904892,2025
poste_01_1_1_2,1.5778943184904892,2025
poste_01_1_1_3,1.5778943184904892,2025
poste_01_1_1_4,1.5778943184904892,2025
poste_01_1_1_5,1.5778943184904892,2025
poste_01_1_2_1,1.2077745982446135,2025
poste_01_1_2_2,1.2077745982446135,2025
poste_01_1_2_3,1.2077745982446135,2025
poste_01_1_2_4,1.2077745982446135,2025
poste_01_1_2_5,1.2077745982446135,2025
poste_01_1_2_6,1.2077745982446135,2025
poste_01_1_2_7,1.2077745982446135,2025
poste_01_1_3_0,0.8573294106078873,2025
poste_01_1_3_1,0.8573294106078873,2025
poste_01_1_3_2,0.8573294106078873,2025
poste_01_1_3_3,0.8573294106078873,2025
poste_01_1_3_4,0.8573294106078873,2025
poste_01_1_4_1,1.5468485409956694,2025
poste_01_1_4_2,1.5468485409956694,2025
poste_01_1_4_3,1.5468485409956694,2025
poste_01_1_4_4,1.5468485409956694,2025
poste_01_1_4_5,1.5468485409956694,2025
poste_01_1_4_6,1.5468485409956694,2025
poste_01_1_4_7,1.5468485409956694,2025
poste_01_1_5_1,1.659938807972758,2025
poste_01_1_5_2,1.659938807972758,2025
poste_01_1_5_3,1.659938807972758,2025
poste_01_1_5_4,1.659938807972758,2025
poste_01_1_5_5,1.659938807972758,2025
poste_01_1_6_1,1.3423164623203412,2025
poste_01_1_6_2,1.3423164623203412,2025
poste_01_1_6_3,1.3423164623203412,2025
poste_01_1_6_4,1.3423164623203412,2025
poste_01_1_6_5,1.3423164623203412,2025
poste_01_1_6_6,1.3423164623203412,2025
poste_01_1_6_7,1.3423164623203412,2025
poste_01_1_6_8,1.3423164623203412,2025
poste_01_1_6_9,1.3423164623203412,2025
poste_01_1_7_1,1.5809443021534297,2025
poste_01_1_7_2,1.5809443021534297,2025
poste_01_1_7_3,1.5809443021534297,2025
poste_01_1_7_4,1.5809443021534297,2025
poste_01_1_7_5,1.5809443021534297,2025
poste_01_1_7_6,1.5809443021534297,2025
poste_01_1_7_7,1.5809443021534297,2025
poste_01_1_7_8,1.5809443021534297,2025
poste_01_1_7_9,1.5809443021534297,2025
poste_01_1_8_1,1.9957092308662892,2025
poste_01_1_8_2,1.9957092308662892,2025
poste_01_1_8_3,1.9957092308662892,2025
poste_01_1_8_4,1.9957092308662892,2025
poste_01_1_8_5,1.9957092308662892,2025
poste_01_1_8_6,1.9957092308662892,2025
poste_01_1_9_1,4.815856292030404,2025
poste_01_1_9_2,4.815856292030404,2025
poste_01_1_9_3,4.815856292030404,2025
poste_01_1_9_4,4.815856292030404,2025
poste_01_1_9_5,4.815856292030404,2025
poste_01_2_2_1,1.8686395841133407,2025
poste_01_2_3_1,1.3456053651529287,2025
poste_01_2_9_1,11.576421671865777,2025
poste_01_2_5_1,1.483890532495569,2025
poste_01_2_6_1,2.4295125451639623,2025
poste_01_2_1_1,0.9858289117795177,2025
poste_01_2_1_2,0.9858289117795177,2025
poste_01_3_1_1,0.0,2025
poste_01_3_1_2,0.0,2025
poste_02_1_1_1,1.8747375049062354,2025
poste_02_1_2_1,1.9343057304944964,2025
poste_02_1_9_1,0.21125273574042788,2025
poste_02_1_3_1,3.0468267393127033,2025
poste_02_3_1_1,2.0436021086445977,2025
poste_02_3_1_2,2.0436021086445977,2025
poste_02_3_1_3,2.0436021086445977,2025
poste_02_5_1_1,0.0,2025
poste_03_1_1_1,1.1180776649484456,2025
poste_03_1_2_1,1.2228780054852688,2025
poste_03_1_2_2,1.2228780054852688,2025
poste_03_1_2_3,1.2228780054852688,2025
poste_03_1_3_1,3.0909418964752455,2025
poste_03_1_4_1,1.2415383316518525,2025
poste_03_2_1_1,0.8826905884718216,2025
poste_03_2_1_2,0.8826905884718216,2025
poste_03_2_1_3,0.8826905884718216,2025
poste_03_2_2_1,2.331484415870338,2025
poste_03_3_1_1,0.0,2025
poste_03_3_1_2,0.0,2025
poste_04_1_1_1,1.3988652428338733,2025
poste_04_1_2_1,0.5573528978205715,2025
poste_04_3_1_1,6.6824364127527796,2025
poste_04_3_2_1,6.6824364127527796,2025
poste_04_4_2_1,659.1782887525616,2025
poste_04_4_1_1,0.7772060928585017,2025
poste_04_4_4_1,0.41807215998743724,2025
poste_04_5_1_1,1.649512016834935,2025
poste_04_5_2_1,1.7472702510019678,2025
poste_04_5_2_2,1.7472702510019678,2025
poste_04_5_3_1,0.8017626263805451,2025
poste_04_5_4_1,1.92548238971198,2025
poste_04_5_5_1,168.3503466974707,2025
poste_04_5_5_2,168.3503466974707,2025
poste_04_6_1_1,0.0,2025
poste_05_1_1_0,1.4215155100305599,2025
poste_05_1_1_1,1.4215155100305599,2025
poste_05_1_1_2,1.4215155100305599,2025
poste_05_1_1_3,1.4215155100305599,2025
poste_05_1_1_4,1.4215155100305599,2025
poste_05_1_1_5,1.4215155100305599,2025
poste_05_1_1_6,1.4215155100305599,2025
poste_05_1_2_1,1.4215155100305599,2025
poste_05_1_3_1,1.4215155100305599,2025
poste_05_2_1_1,1.087278461735347,2025
poste_05_2_1_2,1.087278461735347,2025
poste_05_3_1_1,1.832867332399702,2025
poste_05_3_1_2,1.832867332399702,2025
poste_05_3_1_3,1.832867332399702,2025
poste_05_3_1_4,1.832867332399702,2025
poste_05_3_1_5,1.832867332399702,2025
poste_05_3_1_6,1.832867332399702,2025
poste_05_3_1_7,1.832867332399702,2025
poste_05_3_2_1,3.5597137495065216,2025
poste_05_3_3_1,11.282979425904305,2025
poste_05_4_1_1,2.0995393648477716,2025
poste_05_4_1_2,2.0995393648477716,2025
poste_05_4_1_3,2.0995393648477716,2025
poste_05_4_1_4,2.0995393648477716,2025
poste_05_5_1_1,0.7064407298651342,2025
poste_05_5_1_2,0.7064407298651342,2025
poste_05_5_3_1,2.9723658912258606,2025
poste_05_5_2_1,0.6019114828410564,2025
poste_05_5_2_2,0.6019114828410564,2025
poste_05_5_3_2,2.9723658912258606,2025
poste_05_6_1_1,1.797905623230322,2025
poste_05_6_1_2,1.797905623230322,2025
poste_05_6_2_1,0.4427701809062167,2025
poste_05_6_2_2,0.4427701809062167,2025
poste_05_7_1_1,0.0,2025
poste_05_7_1_2,0.0,2025
poste_06_1_1_1,1.5742469254008653,2025
poste_06_1_1_2,1.5742469254008653,2025
poste_06_1_1_3,1.5742469254008653,2025
poste_06_2_1_1,1.5742469254008653,2025
poste_06_2_2_1,1.5742469254008653,2025
poste_06_2_3_1,1.5742469254008653,2025
poste_06_2_3_2,1.5742469254008653,2025
poste_06_2_3_3,1.5742469254008653,2025
poste_06_3_1_1,1.5742469254008653,2025
poste_06_4_1_1,1.5742469254008653,2025
poste_06_4_1_2,1.5742469254008653,2025
poste_07_1_1_1,0.6835923694333755,2025
poste_07_1_1_2,0.6835923694333755,2025
poste_07_1_2_1,1.4190780058695813,2025
poste_07_1_3_1,1.8989621121789664,2025
poste_07_1_4_1,0.0,2025
poste_07_2_1_1,9.403114635033603,2025
poste_07_2_2_1,1.5424368990566797,2025
poste_07_2_3_1,0.8155610540612868,2025
poste_07_2_4_1,5.609519637563678,2025
poste_07_2_4_2,5.609519637563678,2025
poste_07_3_1_1,1.808707325579705,2025
poste_07_3_2_1,4.4874153721865975,2025
poste_07_3_3_1,3.445886409355217,2025
poste_07_3_4_1,0.817309571352516,2025
poste_07_3_5_1,0.9408313058332008,2025
poste_07_4_9_1,3.6671812066028244,2025
poste_07_5_1_1,0.0,2025
poste_07_5_1_2,0.0,2025
poste_07_4_1_1,2.5398487710530526,2025
poste_08_1_2_1,2.8557149756023623,2025
poste_08_3_1_1,2.289655967962604,2025
poste_08_4_1_1,0.0,2025
poste_09_1_2_1,2.948155068177308,2025
poste_09_1_2_2,2.948155068177308,2025
poste_09_1_1_1,1.0727219456076653,2025
poste_09_1_1_2,1.0727219456076653,2025
poste_08_1_1_1,2.8557149756023623,2025
poste_09_5_2_1,0.30530622714322614,2025
poste_09_4_1_1,1.171610617337445,2025
poste_09_2_2_1,2.272037592827005,2025
poste_09_5_1_1,0.6015808697670914,2025
poste_09_1_2_3,2.948155068177308,2025
poste_09_4_2_1,1.7987935462205373,2025
poste_09_2_1_1,2.541102177784444,2025
poste_09_2_2_2,2.272037592827005,2025
poste_09_3_1_1,1.2010486933539983,2025
poste_09_3_2_1,1.738558926350045,2025
poste_09_3_2_2,1.738558926350045,2025
poste_09_4_2_2,1.7987935462205373,2025
poste_09_6_1_1,2.8759597803350516,2025
poste_09_6_1_2,2.8759597803350516,2025
poste_09_6_9_1,0.0596625350436225,2025
poste_09_6_3_1,3.2944581254847662,2025
poste_09_4_7_1,12.825441883752335,2025
poste_09_7_1_1,1.3140088697915,2025
poste_09_7_2_1,1.1944970789778708,2025
poste_09_7_3_1,1.6384384221386132,2025
poste_09_7_4_1,0.8077554387966225,2025
poste_09_8_1_1,0.576135900010803,2025
poste_09_9_1_1,0.0,2025
poste_09_9_1_2,0.0,2025
poste_10_1_1_1,1.1499968515975103,2025
poste_10_2_1_1,1.4054107586510172,2025
poste_10_4_1_1,1.312776458926754,2025
poste_10_5_1_1,8.021805555557533,2025
poste_10_6_1_1,0.0,2025
poste_10_6_1_2,0.0,2025
poste_11_1_1_1,3.1969678928914576,2025
poste_11_1_1_2,3.1969678928914576,2025
poste_11_1_2_1,1.2577124271325826,2025
poste_11_1_3_1,0.0,2025
poste_11_1_3_2,0.0,2025
poste_11_2_1_1,2.810806483741624,2025
poste_13_1_3_1,1.6624009726300149,2025
poste_13_1_1_1,14.910532889912334,2025
poste_13_1_2_1,1.6415880449155207,2025
poste_13_1_3_2,1.6624009726300149,2025
poste_13_2_1_1,6.034692956910324,2025
poste_13_2_9_1,3.225263659060475,2025
poste_13_2_9_2,3.225263659060475,2025
poste_12_3_3_1,0.0,2025
poste_13_3_1_1,2.674719106097939,2025
poste_12_1_1_1,35.70924137327389,2025
poste_12_1_3_1,0.8507063183192491,2025
poste_12_1_2_1,0.5506253374098471,2025
poste_12_1_4_1,0.5820489451659958,2025
poste_12_1_9_1,0.7548171114313363,2025
poste_12_2_1_1,9.879675522150022,2025
poste_13_9_1_1,1.1689367271269773,2025
poste_13_9_1_2,1.1689367271269773,2025
poste_12_8_1_1,0.0,2025
poste_12_9_1_1,0.0,2025
