loyer_impute,1.400375394143792,2017
rev_disp_yc_loyerimpute,1.2374029353480198,2017
rev_disponible,1.21507990060363,2017
poste_01_1_1_2,1.0288551574737594,2017
poste_01_1_1_4,1.0288551574737594,2017
poste_01_1_1_5,1.0288551574737594,2017
poste_01_1_1_3,1.0288551574737594,2017
poste_01_1_1_1,1.0288551574737594,2017
poste_01_1_2_1,1.1102187472242049,2017
poste_01_1_2_3,1.1102187472242049,2017
poste_01_1_2_2,1.1102187472242049,2017
poste_01_1_2_5,1.1102187472242049,2017
poste_01_1_2_4,1.1102187472242049,2017
poste_01_1_2_7,1.1102187472242049,2017
poste_01_1_2_6,1.1102187472242049,2017
poste_01_1_3_0,0.8727957960706688,2017
poste_01_1_3_2,0.8727957960706688,2017
poste_01_1_3_1,0.8727957960706688,2017
poste_01_1_3_3,0.8727957960706688,2017
poste_01_1_3_4,0.8727957960706688,2017
poste_01_1_4_1,1.1286142021082546,2017
poste_01_1_4_2,1.1286142021082546,2017
poste_01_1_4_3,1.1286142021082546,2017
poste_01_1_4_4,1.1286142021082546,2017
poste_01_1_4_6,1.1286142021082546,2017
poste_01_1_4_5,1.1286142021082546,2017
poste_01_1_4_7,1.1286142021082546,2017
poste_01_1_5_1,1.2236731357224044,2017
poste_01_1_5_3,1.2236731357224044,2017
poste_01_1_5_4,1.2236731357224044,2017
poste_01_1_5_2,1.2236731357224044,2017
poste_01_1_5_5,1.2236731357224044,2017
poste_01_1_6_1,1.0329001909792201,2017
poste_01_1_6_2,1.0329001909792201,2017
poste_01_1_6_3,1.0329001909792201,2017
poste_01_1_6_4,1.0329001909792201,2017
poste_01_1_6_5,1.0329001909792201,2017
poste_01_1_6_6,1.0329001909792201,2017
poste_01_1_6_7,1.0329001909792201,2017
poste_01_1_6_8,1.0329001909792201,2017
poste_01_1_6_9,1.0329001909792201,2017
poste_01_1_7_1,1.2007684207369826,2017
poste_01_1_7_2,1.2007684207369826,2017
poste_01_1_7_3,1.2007684207369826,2017
poste_01_1_7_4,1.2007684207369826,2017
poste_01_1_7_5,1.2007684207369826,2017
poste_01_1_7_6,1.2007684207369826,2017
poste_01_1_7_7,1.2007684207369826,2017
poste_01_1_7_9,1.2007684207369826,2017
poste_01_1_7_8,1.2007684207369826,2017
poste_01_1_8_1,1.5008816768838418,2017
poste_01_1_8_6,1.5008816768838418,2017
poste_01_1_9_4,3.488342685296373,2017
poste_01_1_8_2,1.5008816768838418,2017
poste_01_1_8_4,1.5008816768838418,2017
poste_01_1_8_3,1.5008816768838418,2017
poste_01_1_8_5,1.5008816768838418,2017
poste_01_1_9_1,3.488342685296373,2017
poste_01_1_9_2,3.488342685296373,2017
poste_01_1_9_3,3.488342685296373,2017
poste_01_1_9_5,3.488342685296373,2017
poste_01_3_1_1,0.0,2017
poste_01_3_1_2,0.0,2017
poste_01_2_9_1,8.058526866017846,2017
poste_01_2_2_1,1.2735049139537253,2017
poste_01_2_3_1,0.9170285005986617,2017
poste_01_2_5_1,1.274563224757769,2017
poste_01_2_1_2,0.9699320608559848,2017
poste_01_2_6_1,1.641844644858161,2017
poste_01_2_1_1,0.9699320608559848,2017
poste_02_1_1_1,1.9019808982449435,2017
poste_02_1_2_1,2.2521652776790826,2017
poste_02_1_9_1,0.1580365381603684,2017
poste_02_1_3_1,2.1193103847911035,2017
poste_02_3_1_1,1.7635919583735522,2017
poste_02_3_1_2,1.7635919583735522,2017
poste_02_3_1_3,1.7635919583735522,2017
poste_02_5_1_1,0.0,2017
poste_03_1_1_1,1.0327877067847278,2017
poste_03_1_2_1,1.3568074584587102,2017
poste_03_1_2_2,1.3568074584587102,2017
poste_03_1_2_3,1.3568074584587102,2017
poste_03_1_3_1,3.2910993124722863,2017
poste_03_1_4_1,0.8911875760453848,2017
poste_03_2_1_1,0.8886778953372103,2017
poste_03_2_1_2,0.8886778953372103,2017
poste_03_2_1_3,0.8886778953372103,2017
poste_03_2_2_1,1.7516907728529518,2017
poste_03_3_1_1,0.0,2017
poste_03_3_1_2,0.0,2017
poste_04_1_1_1,1.028882815273506,2017
poste_04_1_2_1,0.5522932813185044,2017
poste_04_3_1_1,0.8322902412945665,2017
poste_04_3_2_1,12.277049766645678,2017
poste_04_4_1_1,0.6176965471988979,2017
poste_04_4_2_1,458.6374666948874,2017
poste_04_4_4_1,0.30281838844659675,2017
poste_04_5_1_1,1.1318214083146096,2017
poste_04_5_2_1,1.149110872532782,2017
poste_04_5_2_2,1.149110872532782,2017
poste_04_5_3_1,0.8634540255407868,2017
poste_04_5_4_1,1.5864596842485355,2017
poste_04_5_5_1,110.42559818353688,2017
poste_04_5_5_2,110.42559818353688,2017
poste_04_6_1_1,0.0,2017
poste_05_1_1_0,1.2944266734460579,2017
poste_05_1_1_1,1.2944266734460579,2017
poste_05_1_1_2,1.2944266734460579,2017
poste_05_1_1_4,1.2944266734460579,2017
poste_05_1_1_3,1.2944266734460579,2017
poste_05_1_1_6,1.2944266734460579,2017
poste_05_1_1_5,1.2944266734460579,2017
poste_05_1_3_1,1.2944266734460579,2017
poste_05_1_2_1,1.2944266734460579,2017
poste_05_2_1_1,1.1929590028031212,2017
poste_05_2_1_2,1.1929590028031212,2017
poste_05_3_1_2,1.6607462106124242,2017
poste_05_3_1_3,1.6607462106124242,2017
poste_05_3_1_1,1.6607462106124242,2017
poste_05_3_1_5,1.6607462106124242,2017
poste_05_3_1_6,1.6607462106124242,2017
poste_05_3_1_7,1.6607462106124242,2017
poste_05_3_1_4,1.6607462106124242,2017
poste_05_3_2_1,3.0066749135373847,2017
poste_05_3_3_1,7.527568941032068,2017
poste_05_4_1_4,1.8642249858804385,2017
poste_05_4_1_1,1.8642249858804385,2017
poste_05_4_1_2,1.8642249858804385,2017
poste_05_4_1_3,1.8642249858804385,2017
poste_05_5_1_1,0.6540840849836526,2017
poste_05_5_1_2,0.6540840849836526,2017
poste_05_5_2_2,0.6816629124830935,2017
poste_05_5_2_1,0.6816629124830935,2017
poste_05_5_3_1,1.9830479450140104,2017
poste_05_5_3_2,1.9830479450140104,2017
poste_05_6_1_2,1.5997382359614136,2017
poste_05_6_1_1,1.5997382359614136,2017
poste_05_6_2_1,0.3859604774053377,2017
poste_05_6_2_2,0.3859604774053377,2017
poste_05_7_1_1,0.0,2017
poste_05_7_1_2,0.0,2017
poste_06_1_1_1,2.469776108351269,2017
poste_06_1_1_2,2.469776108351269,2017
poste_06_1_1_3,2.469776108351269,2017
poste_06_2_1_1,3.3255668584936795,2017
poste_06_2_2_1,3.3255668584936795,2017
poste_06_2_3_1,3.3255668584936795,2017
poste_06_2_3_2,3.3255668584936795,2017
poste_06_2_3_3,3.3255668584936795,2017
poste_06_3_1_1,8.632657767924737,2017
poste_06_4_1_1,14.129984013608263,2017
poste_06_4_1_2,14.129984013608263,2017
poste_07_1_1_1,0.6940756059449747,2017
poste_07_1_1_2,0.6940756059449747,2017
poste_07_1_2_1,1.1085974976903046,2017
poste_07_1_3_1,1.2621949342352936,2017
poste_07_1_4_1,0.0,2017
poste_07_2_1_1,6.898707650711237,2017
poste_07_2_2_1,1.3414481670581628,2017
poste_07_2_3_1,0.565903217793975,2017
poste_07_2_4_1,3.4771506182601075,2017
poste_07_2_4_2,3.4771506182601075,2017
poste_07_3_1_1,1.4381035561079236,2017
poste_07_3_2_1,3.152463719280602,2017
poste_07_3_3_1,2.449691411428996,2017
poste_07_3_5_1,0.7817877441411141,2017
poste_07_4_9_1,3.3012450989946274,2017
poste_07_3_4_1,1.010773787732356,2017
poste_07_5_1_1,0.0,2017
poste_07_5_1_2,0.0,2017
poste_07_4_1_1,3.258901177597076,2017
poste_08_1_2_1,2.9586745491398356,2017
poste_08_3_1_1,1.7367328931503914,2017
poste_08_4_1_1,0.0,2017
poste_09_1_2_2,2.389872462037951,2017
poste_09_1_2_1,2.389872462037951,2017
poste_09_1_1_1,1.5791903319774099,2017
poste_09_1_1_2,1.5791903319774099,2017
poste_08_1_1_1,2.9586745491398356,2017
poste_09_5_2_1,0.6701164522299028,2017
poste_09_4_1_1,0.7469284445684987,2017
poste_09_2_2_1,1.8680333089469303,2017
poste_09_5_1_1,0.5741273422079991,2017
poste_09_1_2_3,2.389872462037951,2017
poste_09_4_2_1,1.1809188531196722,2017
poste_09_2_1_1,2.295761759518101,2017
poste_09_3_1_1,1.312208971127303,2017
poste_09_2_2_2,1.8680333089469303,2017
poste_09_3_2_2,1.178294568784918,2017
poste_09_3_2_1,1.178294568784918,2017
poste_09_4_2_2,1.1809188531196722,2017
poste_09_6_1_1,2.517578973409861,2017
poste_09_6_2_1,1.6528250962584652,2017
poste_09_6_9_1,0.04157131474007245,2017
poste_09_6_3_1,1.8968557046103631,2017
poste_09_4_7_1,9.258034506312525,2017
poste_09_7_1_1,1.103101020884804,2017
poste_09_7_2_1,1.4573746221102832,2017
poste_09_7_3_1,2.05081192514651,2017
poste_09_7_4_1,0.7570303639321566,2017
poste_09_8_1_1,0.3681723440965275,2017
poste_09_9_1_1,0.0,2017
poste_09_9_1_2,0.0,2017
poste_10_1_1_1,0.9512717269831248,2017
poste_10_2_1_1,1.2422989058961627,2017
poste_10_4_1_1,0.9360805655280839,2017
poste_10_5_1_1,6.229769619594864,2017
poste_10_6_1_1,0.0,2017
poste_10_6_1_2,0.0,2017
poste_11_1_1_1,1.862758847629394,2017
poste_11_1_1_2,1.862758847629394,2017
poste_11_1_2_1,1.019794054023017,2017
poste_11_1_3_1,0.0,2017
poste_11_1_3_2,0.0,2017
poste_11_2_1_1,1.9809331646909165,2017
poste_13_1_3_1,1.2668072357636049,2017
poste_13_1_2_1,1.4336199553618416,2017
poste_13_1_1_1,13.118856130015805,2017
poste_13_2_1_1,4.660680776622417,2017
poste_13_2_9_1,2.9035458755501504,2017
poste_13_2_9_2,2.9035458755501504,2017
poste_12_3_3_1,0.0,2017
poste_13_3_1_1,2.231052750705567,2017
poste_12_1_1_1,25.54941328347821,2017
poste_12_1_3_1,0.6607662485201249,2017
poste_12_1_2_1,0.3951288565310555,2017
poste_12_1_4_1,0.4231741198482354,2017
poste_12_1_9_1,0.43387795615733576,2017
poste_12_2_1_1,3.4582520160707215,2017
poste_13_9_1_1,0.8315049605183621,2017
poste_13_9_1_2,0.8315049605183621,2017
poste_12_8_1_1,0.0,2017
poste_12_9_1_1,0.0,2017
loyer_impute,1.4257096025920095,2018
rev_disp_yc_loyerimpute,1.2728443287960471,2018
rev_disponible,1.2519057184113667,2018
poste_01_1_1_2,1.0601386801886188,2018
poste_01_1_1_4,1.0601386801886188,2018
poste_01_1_1_5,1.0601386801886188,2018
poste_01_1_1_3,1.0601386801886188,2018
poste_01_1_1_1,1.0601386801886188,2018
poste_01_1_2_1,1.103522654275424,2018
poste_01_1_2_3,1.103522654275424,2018
poste_01_1_2_2,1.103522654275424,2018
poste_01_1_2_5,1.103522654275424,2018
poste_01_1_2_4,1.103522654275424,2018
poste_01_1_2_7,1.103522654275424,2018
poste_01_1_2_6,1.103522654275424,2018
poste_01_1_3_0,0.8566313837084037,2018
poste_01_1_3_2,0.8566313837084037,2018
poste_01_1_3_1,0.8566313837084037,2018
poste_01_1_3_3,0.8566313837084037,2018
poste_01_1_3_4,0.8566313837084037,2018
poste_01_1_4_1,1.153214163436209,2018
poste_01_1_4_2,1.153214163436209,2018
poste_01_1_4_3,1.153214163436209,2018
poste_01_1_4_4,1.153214163436209,2018
poste_01_1_4_6,1.153214163436209,2018
poste_01_1_4_5,1.153214163436209,2018
poste_01_1_4_7,1.153214163436209,2018
poste_01_1_5_1,1.2840841833518246,2018
poste_01_1_5_3,1.2840841833518246,2018
poste_01_1_5_4,1.2840841833518246,2018
poste_01_1_5_2,1.2840841833518246,2018
poste_01_1_5_5,1.2840841833518246,2018
poste_01_1_6_1,1.059820871357856,2018
poste_01_1_6_2,1.059820871357856,2018
poste_01_1_6_3,1.059820871357856,2018
poste_01_1_6_4,1.059820871357856,2018
poste_01_1_6_5,1.059820871357856,2018
poste_01_1_6_6,1.059820871357856,2018
poste_01_1_6_7,1.059820871357856,2018
poste_01_1_6_8,1.059820871357856,2018
poste_01_1_6_9,1.059820871357856,2018
poste_01_1_7_1,1.2318675373770318,2018
poste_01_1_7_2,1.2318675373770318,2018
poste_01_1_7_3,1.2318675373770318,2018
poste_01_1_7_4,1.2318675373770318,2018
poste_01_1_7_5,1.2318675373770318,2018
poste_01_1_7_6,1.2318675373770318,2018
poste_01_1_7_7,1.2318675373770318,2018
poste_01_1_7_9,1.2318675373770318,2018
poste_01_1_7_8,1.2318675373770318,2018
poste_01_1_8_1,1.523721559240184,2018
poste_01_1_8_6,1.523721559240184,2018
poste_01_1_9_4,3.528035947201612,2018
poste_01_1_8_2,1.523721559240184,2018
poste_01_1_8_4,1.523721559240184,2018
poste_01_1_8_3,1.523721559240184,2018
poste_01_1_8_5,1.523721559240184,2018
poste_01_1_9_1,3.528035947201612,2018
poste_01_1_9_2,3.528035947201612,2018
poste_01_1_9_3,3.528035947201612,2018
poste_01_1_9_5,3.528035947201612,2018
poste_01_3_1_1,0.0,2018
poste_01_3_1_2,0.0,2018
poste_01_2_9_1,8.252877064117165,2018
poste_01_2_2_1,1.3056519784483274,2018
poste_01_2_3_1,0.9400466216287123,2018
poste_01_2_5_1,1.3201323146440023,2018
poste_01_2_1_2,0.9694491643818745,2018
poste_01_2_6_1,1.6855204871119547,2018
poste_01_2_1_1,0.9694491643818745,2018
poste_02_1_1_1,1.8769493137448447,2018
poste_02_1_2_1,2.2515679814191563,2018
poste_02_1_9_1,0.16778858151261428,2018
poste_02_1_3_1,2.2959101618539846,2018
poste_02_3_1_1,1.8787080867363957,2018
poste_02_3_1_2,1.8787080867363957,2018
poste_02_3_1_3,1.8787080867363957,2018
poste_02_5_1_1,0.0,2018
poste_03_1_1_1,1.0394081408025786,2018
poste_03_1_2_1,1.3165928697505873,2018
poste_03_1_2_2,1.3165928697505873,2018
poste_03_1_2_3,1.3165928697505873,2018
poste_03_1_3_1,3.294586086205955,2018
poste_03_1_4_1,0.9133616745014903,2018
poste_03_2_1_1,0.882644063940416,2018
poste_03_2_1_2,0.882644063940416,2018
poste_03_2_1_3,0.882644063940416,2018
poste_03_2_2_1,1.7947752261557302,2018
poste_03_3_1_1,0.0,2018
poste_03_3_1_2,0.0,2018
poste_04_1_1_1,1.0740428942660394,2018
poste_04_1_2_1,0.535090585211476,2018
poste_04_3_1_1,0.8339086958230927,2018
poste_04_3_2_1,12.65511072721042,2018
poste_04_4_1_1,0.6151955264481376,2018
poste_04_4_2_1,461.0423966050431,2018
poste_04_4_4_1,0.312962480395659,2018
poste_04_5_1_1,1.150593633183368,2018
poste_04_5_2_1,1.1885761239363923,2018
poste_04_5_2_2,1.1885761239363923,2018
poste_04_5_3_1,1.0700130704438628,2018
poste_04_5_4_1,1.5949778426772654,2018
poste_04_5_5_1,116.53456149567985,2018
poste_04_5_5_2,116.53456149567985,2018
poste_04_6_1_1,0.0,2018
poste_05_1_1_0,1.2911904633860478,2018
poste_05_1_1_1,1.2911904633860478,2018
poste_05_1_1_2,1.2911904633860478,2018
poste_05_1_1_4,1.2911904633860478,2018
poste_05_1_1_3,1.2911904633860478,2018
poste_05_1_1_6,1.2911904633860478,2018
poste_05_1_1_5,1.2911904633860478,2018
poste_05_1_3_1,1.2911904633860478,2018
poste_05_1_2_1,1.2911904633860478,2018
poste_05_2_1_1,1.1716684977975411,2018
poste_05_2_1_2,1.1716684977975411,2018
poste_05_3_1_2,1.6735696342763946,2018
poste_05_3_1_3,1.6735696342763946,2018
poste_05_3_1_1,1.6735696342763946,2018
poste_05_3_1_5,1.6735696342763946,2018
poste_05_3_1_6,1.6735696342763946,2018
poste_05_3_1_7,1.6735696342763946,2018
poste_05_3_1_4,1.6735696342763946,2018
poste_05_3_2_1,2.957172136611476,2018
poste_05_3_3_1,7.966881110960517,2018
poste_05_4_1_4,1.9637456430802294,2018
poste_05_4_1_1,1.9637456430802294,2018
poste_05_4_1_2,1.9637456430802294,2018
poste_05_4_1_3,1.9637456430802294,2018
poste_05_5_1_1,0.6484210193127984,2018
poste_05_5_1_2,0.6484210193127984,2018
poste_05_5_2_2,0.6689016312635659,2018
poste_05_5_2_1,0.6689016312635659,2018
poste_05_5_3_1,2.098779478344453,2018
poste_05_5_3_2,2.098779478344453,2018
poste_05_6_1_2,1.6192756553137717,2018
poste_05_6_1_1,1.6192756553137717,2018
poste_05_6_2_1,0.37977119008452437,2018
poste_05_6_2_2,0.37977119008452437,2018
poste_05_7_1_1,0.0,2018
poste_05_7_1_2,0.0,2018
poste_06_1_1_1,2.492819089350279,2018
poste_06_1_1_2,2.492819089350279,2018
poste_06_1_1_3,2.492819089350279,2018
poste_06_2_1_1,3.3678871213003094,2018
poste_06_2_2_1,3.3678871213003094,2018
poste_06_2_3_1,3.3678871213003094,2018
poste_06_2_3_2,3.3678871213003094,2018
poste_06_2_3_3,3.3678871213003094,2018
poste_06_3_1_1,8.840812394113438,2018
poste_06_4_1_1,14.072822913889857,2018
poste_06_4_1_2,14.072822913889857,2018
poste_07_1_1_1,0.7106047097466489,2018
poste_07_1_1_2,0.7106047097466489,2018
poste_07_1_2_1,1.1004788266027872,2018
poste_07_1_3_1,1.3273966087345919,2018
poste_07_1_4_1,0.0,2018
poste_07_2_1_1,7.32695483581645,2018
poste_07_2_2_1,1.506167574566586,2018
poste_07_2_3_1,0.5988515061637033,2018
poste_07_2_4_1,3.6079131448418,2018
poste_07_2_4_2,3.6079131448418,2018
poste_07_3_1_1,1.4216291854028171,2018
poste_07_3_2_1,3.317681178940573,2018
poste_07_3_3_1,2.6292383183149703,2018
poste_07_3_5_1,0.7943646043742654,2018
poste_07_4_9_1,3.3398857439212,2018
poste_07_3_4_1,0.9683475609553919,2018
poste_07_5_1_1,0.0,2018
poste_07_5_1_2,0.0,2018
poste_07_4_1_1,3.407777148367789,2018
poste_08_1_2_1,2.9143648424777826,2018
poste_08_3_1_1,1.7877883497082063,2018
poste_08_4_1_1,0.0,2018
poste_09_1_2_2,2.5190367731127035,2018
poste_09_1_2_1,2.5190367731127035,2018
poste_09_1_1_1,1.422456230133813,2018
poste_09_1_1_2,1.422456230133813,2018
poste_08_1_1_1,2.9143648424777826,2018
poste_09_5_2_1,0.564323629955893,2018
poste_09_4_1_1,0.7832078261618257,2018
poste_09_2_2_1,1.8872093789574111,2018
poste_09_5_1_1,0.591558153356629,2018
poste_09_1_2_3,2.5190367731127035,2018
poste_09_4_2_1,1.2666632849730606,2018
poste_09_2_1_1,2.3953436570442395,2018
poste_09_3_1_1,1.3347621883296918,2018
poste_09_2_2_2,1.8872093789574111,2018
poste_09_3_2_2,1.1988025205470756,2018
poste_09_3_2_1,1.1988025205470756,2018
poste_09_4_2_2,1.2666632849730606,2018
poste_09_6_1_1,2.600570676854204,2018
poste_09_6_2_1,1.7723018295445851,2018
poste_09_6_9_1,0.04235442699092311,2018
poste_09_6_3_1,1.9655481144044749,2018
poste_09_4_7_1,9.459871896654349,2018
poste_09_7_1_1,1.0843095961540965,2018
poste_09_7_2_1,1.416341249334708,2018
poste_09_7_3_1,1.9424671441953736,2018
poste_09_7_4_1,0.7678374336249698,2018
poste_09_8_1_1,0.3921282083142565,2018
poste_09_9_1_1,0.0,2018
poste_09_9_1_2,0.0,2018
poste_10_1_1_1,0.9639939999527654,2018
poste_10_2_1_1,1.248711850534388,2018
poste_10_4_1_1,0.9675070089281329,2018
poste_10_5_1_1,6.230350836147517,2018
poste_10_6_1_1,0.0,2018
poste_10_6_1_2,0.0,2018
poste_11_1_1_1,1.9908411694805221,2018
poste_11_1_1_2,1.9908411694805221,2018
poste_11_1_2_1,1.0400830185552976,2018
poste_11_1_3_1,0.0,2018
poste_11_1_3_2,0.0,2018
poste_11_2_1_1,2.131384043444235,2018
poste_13_1_3_1,1.3019539401935654,2018
poste_13_1_2_1,1.4319201271636606,2018
poste_13_1_1_1,12.491198666357786,2018
poste_13_2_1_1,4.609429652918576,2018
poste_13_2_9_1,2.985384214996037,2018
poste_13_2_9_2,2.985384214996037,2018
poste_12_3_3_1,0.0,2018
poste_13_3_1_1,2.2884091129549295,2018
poste_12_1_1_1,28.716013886719097,2018
poste_12_1_3_1,0.6177533748687011,2018
poste_12_1_2_1,0.42503324821446914,2018
poste_12_1_4_1,0.442199525214437,2018
poste_12_1_9_1,0.45709946002405166,2018
poste_12_2_1_1,3.494311825185485,2018
poste_13_9_1_1,0.8686439799278931,2018
poste_13_9_1_2,0.8686439799278931,2018
poste_12_8_1_1,0.0,2018
poste_12_9_1_1,0.0,2018
loyer_impute,1.4566851514369372,2019
rev_disp_yc_loyerimpute,1.3161790290366118,2019
rev_disponible,1.2969333044809508,2019
poste_01_1_1_2,1.1035806216607424,2019
poste_01_1_1_4,1.1035806216607424,2019
poste_01_1_1_5,1.1035806216607424,2019
poste_01_1_1_3,1.1035806216607424,2019
poste_01_1_1_1,1.1035806216607424,2019
poste_01_1_2_1,1.0988019813722705,2019
poste_01_1_2_3,1.0988019813722705,2019
poste_01_1_2_2,1.0988019813722705,2019
poste_01_1_2_5,1.0988019813722705,2019
poste_01_1_2_4,1.0988019813722705,2019
poste_01_1_2_7,1.0988019813722705,2019
poste_01_1_2_6,1.0988019813722705,2019
poste_01_1_3_0,0.8610966258988545,2019
poste_01_1_3_2,0.8610966258988545,2019
poste_01_1_3_1,0.8610966258988545,2019
poste_01_1_3_3,0.8610966258988545,2019
poste_01_1_3_4,0.8610966258988545,2019
poste_01_1_4_1,1.1792879390153206,2019
poste_01_1_4_2,1.1792879390153206,2019
poste_01_1_4_3,1.1792879390153206,2019
poste_01_1_4_4,1.1792879390153206,2019
poste_01_1_4_6,1.1792879390153206,2019
poste_01_1_4_5,1.1792879390153206,2019
poste_01_1_4_7,1.1792879390153206,2019
poste_01_1_5_1,1.3298195394620154,2019
poste_01_1_5_3,1.3298195394620154,2019
poste_01_1_5_4,1.3298195394620154,2019
poste_01_1_5_2,1.3298195394620154,2019
poste_01_1_5_5,1.3298195394620154,2019
poste_01_1_6_1,1.0721957002415836,2019
poste_01_1_6_2,1.0721957002415836,2019
poste_01_1_6_3,1.0721957002415836,2019
poste_01_1_6_4,1.0721957002415836,2019
poste_01_1_6_5,1.0721957002415836,2019
poste_01_1_6_6,1.0721957002415836,2019
poste_01_1_6_7,1.0721957002415836,2019
poste_01_1_6_8,1.0721957002415836,2019
poste_01_1_6_9,1.0721957002415836,2019
poste_01_1_7_1,1.3111761231915058,2019
poste_01_1_7_2,1.3111761231915058,2019
poste_01_1_7_3,1.3111761231915058,2019
poste_01_1_7_4,1.3111761231915058,2019
poste_01_1_7_5,1.3111761231915058,2019
poste_01_1_7_6,1.3111761231915058,2019
poste_01_1_7_7,1.3111761231915058,2019
poste_01_1_7_9,1.3111761231915058,2019
poste_01_1_7_8,1.3111761231915058,2019
poste_01_1_8_1,1.5247262461473545,2019
poste_01_1_8_6,1.5247262461473545,2019
poste_01_1_9_4,3.618252104423118,2019
poste_01_1_8_2,1.5247262461473545,2019
poste_01_1_8_4,1.5247262461473545,2019
poste_01_1_8_3,1.5247262461473545,2019
poste_01_1_8_5,1.5247262461473545,2019
poste_01_1_9_1,3.618252104423118,2019
poste_01_1_9_2,3.618252104423118,2019
poste_01_1_9_3,3.618252104423118,2019
poste_01_1_9_5,3.618252104423118,2019
poste_01_3_1_1,0.0,2019
poste_01_3_1_2,0.0,2019
poste_01_2_9_1,8.372898973288217,2019
poste_01_2_2_1,1.3226669106320212,2019
poste_01_2_3_1,0.9524797672945793,2019
poste_01_2_5_1,1.3186555385828744,2019
poste_01_2_1_2,0.9579286342138126,2019
poste_01_2_6_1,1.7144419692094248,2019
poste_01_2_1_1,0.9579286342138126,2019
poste_02_1_1_1,1.9098819291067064,2019
poste_02_1_2_1,2.1306951282853515,2019
poste_02_1_9_1,0.17500242180057698,2019
poste_02_1_3_1,2.4039955567785136,2019
poste_02_3_1_1,1.9475551154550623,2019
poste_02_3_1_2,1.9475551154550623,2019
poste_02_3_1_3,1.9475551154550623,2019
poste_02_5_1_1,0.0,2019
poste_03_1_1_1,1.0559592258472055,2019
poste_03_1_2_1,1.3123880854026382,2019
poste_03_1_2_2,1.3123880854026382,2019
poste_03_1_2_3,1.3123880854026382,2019
poste_03_1_3_1,3.3167520049414216,2019
poste_03_1_4_1,0.9346910453973633,2019
poste_03_2_1_1,0.8914250055666452,2019
poste_03_2_1_2,0.8914250055666452,2019
poste_03_2_1_3,0.8914250055666452,2019
poste_03_2_2_1,1.8858680702816037,2019
poste_03_3_1_1,0.0,2019
poste_03_3_1_2,0.0,2019
poste_04_1_1_1,1.1066574288737872,2019
poste_04_1_2_1,0.5543171279193313,2019
poste_04_3_1_1,0.8452690016483242,2019
poste_04_3_2_1,13.096477757044953,2019
poste_04_4_1_1,0.6193916834855244,2019
poste_04_4_2_1,473.04538012059544,2019
poste_04_4_4_1,0.32776238945850544,2019
poste_04_5_1_1,1.1838382287110814,2019
poste_04_5_2_1,1.230577256385483,2019
poste_04_5_2_2,1.230577256385483,2019
poste_04_5_3_1,1.0270433755991606,2019
poste_04_5_4_1,1.519702561155231,2019
poste_04_5_5_1,119.76172469115853,2019
poste_04_5_5_2,119.76172469115853,2019
poste_04_6_1_1,0.0,2019
poste_05_1_1_0,1.335833776340467,2019
poste_05_1_1_1,1.335833776340467,2019
poste_05_1_1_2,1.335833776340467,2019
poste_05_1_1_4,1.335833776340467,2019
poste_05_1_1_3,1.335833776340467,2019
poste_05_1_1_6,1.335833776340467,2019
poste_05_1_1_5,1.335833776340467,2019
poste_05_1_3_1,1.335833776340467,2019
poste_05_1_2_1,1.335833776340467,2019
poste_05_2_1_1,1.2027916406110417,2019
poste_05_2_1_2,1.2027916406110417,2019
poste_05_3_1_2,1.7306287402115978,2019
poste_05_3_1_3,1.7306287402115978,2019
poste_05_3_1_1,1.7306287402115978,2019
poste_05_3_1_5,1.7306287402115978,2019
poste_05_3_1_6,1.7306287402115978,2019
poste_05_3_1_7,1.7306287402115978,2019
poste_05_3_1_4,1.7306287402115978,2019
poste_05_3_2_1,3.057569956064335,2019
poste_05_3_3_1,8.459013805719076,2019
poste_05_4_1_4,1.9899745337833918,2019
poste_05_4_1_1,1.9899745337833918,2019
poste_05_4_1_2,1.9899745337833918,2019
poste_05_4_1_3,1.9899745337833918,2019
poste_05_5_1_1,0.6575567195931386,2019
poste_05_5_1_2,0.6575567195931386,2019
poste_05_5_2_2,0.6638760545358757,2019
poste_05_5_2_1,0.6638760545358757,2019
poste_05_5_3_1,2.2284259467674126,2019
poste_05_5_3_2,2.2284259467674126,2019
poste_05_6_1_2,1.5968554210263943,2019
poste_05_6_1_1,1.5968554210263943,2019
poste_05_6_2_1,0.38316411265195816,2019
poste_05_6_2_2,0.38316411265195816,2019
poste_05_7_1_1,0.0,2019
poste_05_7_1_2,0.0,2019
poste_06_1_1_1,2.519901805837488,2019
poste_06_1_1_2,2.519901805837488,2019
poste_06_1_1_3,2.519901805837488,2019
poste_06_2_1_1,3.4361103035834106,2019
poste_06_2_2_1,3.4361103035834106,2019
poste_06_2_3_1,3.4361103035834106,2019
poste_06_2_3_2,3.4361103035834106,2019
poste_06_2_3_3,3.4361103035834106,2019
poste_06_3_1_1,8.923635446957956,2019
poste_06_4_1_1,14.309062144194602,2019
poste_06_4_1_2,14.309062144194602,2019
poste_07_1_1_1,0.7117439820881195,2019
poste_07_1_1_2,0.7117439820881195,2019
poste_07_1_2_1,1.2063500518827823,2019
poste_07_1_3_1,1.5162566314222148,2019
poste_07_1_4_1,0.0,2019
poste_07_2_1_1,7.655792719678214,2019
poste_07_2_2_1,1.4938820125283008,2019
poste_07_2_3_1,0.6337272330362965,2019
poste_07_2_4_1,3.8058587805530633,2019
poste_07_2_4_2,3.8058587805530633,2019
poste_07_3_1_1,1.5025201966177777,2019
poste_07_3_2_1,3.457171211571133,2019
poste_07_3_3_1,2.7793063602515944,2019
poste_07_3_5_1,0.8174011147008163,2019
poste_07_4_9_1,3.4502875865685505,2019
poste_07_3_4_1,0.9916021036657781,2019
poste_07_5_1_1,0.0,2019
poste_07_5_1_2,0.0,2019
poste_07_4_1_1,3.2493261670288356,2019
poste_08_1_2_1,2.8880051288905544,2019
poste_08_3_1_1,1.8360940619581154,2019
poste_08_4_1_1,0.0,2019
poste_09_1_2_2,2.637924129843214,2019
poste_09_1_2_1,2.637924129843214,2019
poste_09_1_1_1,1.252077464212194,2019
poste_09_1_1_2,1.252077464212194,2019
poste_08_1_1_1,2.8880051288905544,2019
poste_09_5_2_1,0.5101771348284795,2019
poste_09_4_1_1,0.8418950610922079,2019
poste_09_2_2_1,1.95507846229821,2019
poste_09_5_1_1,0.6109499307594799,2019
poste_09_1_2_3,2.637924129843214,2019
poste_09_4_2_1,1.3320290426548724,2019
poste_09_2_1_1,2.3728480948272432,2019
poste_09_3_1_1,1.3650808065666973,2019
poste_09_2_2_2,1.95507846229821,2019
poste_09_3_2_2,1.2296825568130265,2019
poste_09_3_2_1,1.2296825568130265,2019
poste_09_4_2_2,1.3320290426548724,2019
poste_09_6_1_1,2.794276545223665,2019
poste_09_6_2_1,1.9120094473807512,2019
poste_09_6_9_1,0.04524796039237132,2019
poste_09_6_3_1,2.076981546828477,2019
poste_09_4_7_1,10.15406465863996,2019
poste_09_7_1_1,1.0984253592982658,2019
poste_09_7_2_1,1.3986441075674645,2019
poste_09_7_3_1,1.9637491547393469,2019
poste_09_7_4_1,0.7844861626111957,2019
poste_09_8_1_1,0.40643876041564775,2019
poste_09_9_1_1,0.0,2019
poste_09_9_1_2,0.0,2019
poste_10_1_1_1,1.0129505946713824,2019
poste_10_2_1_1,1.311447178517024,2019
poste_10_4_1_1,1.0178073795425788,2019
poste_10_5_1_1,6.638364856108854,2019
poste_10_6_1_1,0.0,2019
poste_10_6_1_2,0.0,2019
poste_11_1_1_1,2.1395311232707543,2019
poste_11_1_1_2,2.1395311232707543,2019
poste_11_1_2_1,1.0866943723948523,2019
poste_11_1_3_1,0.0,2019
poste_11_1_3_2,0.0,2019
poste_11_2_1_1,2.204596796204406,2019
poste_13_1_3_1,1.3490499055312188,2019
poste_13_1_2_1,1.4302960338852007,2019
poste_13_1_1_1,13.115595571763038,2019
poste_13_2_1_1,4.889090796990654,2019
poste_13_2_9_1,2.9708297318730255,2019
poste_13_2_9_2,2.9708297318730255,2019
poste_12_3_3_1,0.0,2019
poste_13_3_1_1,2.318767000119713,2019
poste_12_1_1_1,26.82112640846435,2019
poste_12_1_3_1,0.6339333857299811,2019
poste_12_1_2_1,0.43606069126882036,2019
poste_12_1_4_1,0.4485758590031094,2019
poste_12_1_9_1,0.5134269775500367,2019
poste_12_2_1_1,3.4344891003867986,2019
poste_13_9_1_1,0.9075001735029589,2019
poste_13_9_1_2,0.9075001735029589,2019
poste_12_8_1_1,0.0,2019
poste_12_9_1_1,0.0,2019
loyer_impute,1.4828307652755477,2020
rev_disp_yc_loyerimpute,1.3292159177808505,2020
rev_disponible,1.3081746350805896,2020
poste_01_1_1_2,1.1232870222815499,2020
poste_01_1_1_4,1.1232870222815499,2020
poste_01_1_1_5,1.1232870222815499,2020
poste_01_1_1_3,1.1232870222815499,2020
poste_01_1_1_1,1.1232870222815499,2020
poste_01_1_2_1,1.1915087346165099,2020
poste_01_1_2_3,1.1915087346165099,2020
poste_01_1_2_2,1.1915087346165099,2020
poste_01_1_2_5,1.1915087346165099,2020
poste_01_1_2_4,1.1915087346165099,2020
poste_01_1_2_7,1.1915087346165099,2020
poste_01_1_2_6,1.1915087346165099,2020
poste_01_1_3_0,0.9169180441003209,2020
poste_01_1_3_2,0.9169180441003209,2020
poste_01_1_3_1,0.9169180441003209,2020
poste_01_1_3_3,0.9169180441003209,2020
poste_01_1_3_4,0.9169180441003209,2020
poste_01_1_4_1,1.2506739214684823,2020
poste_01_1_4_2,1.2506739214684823,2020
poste_01_1_4_3,1.2506739214684823,2020
poste_01_1_4_4,1.2506739214684823,2020
poste_01_1_4_6,1.2506739214684823,2020
poste_01_1_4_5,1.2506739214684823,2020
poste_01_1_4_7,1.2506739214684823,2020
poste_01_1_5_1,1.4580183050612088,2020
poste_01_1_5_3,1.4580183050612088,2020
poste_01_1_5_4,1.4580183050612088,2020
poste_01_1_5_2,1.4580183050612088,2020
poste_01_1_5_5,1.4580183050612088,2020
poste_01_1_6_1,1.1880559402582398,2020
poste_01_1_6_2,1.1880559402582398,2020
poste_01_1_6_3,1.1880559402582398,2020
poste_01_1_6_4,1.1880559402582398,2020
poste_01_1_6_5,1.1880559402582398,2020
poste_01_1_6_6,1.1880559402582398,2020
poste_01_1_6_7,1.1880559402582398,2020
poste_01_1_6_8,1.1880559402582398,2020
poste_01_1_6_9,1.1880559402582398,2020
poste_01_1_7_1,1.4108489866356084,2020
poste_01_1_7_2,1.4108489866356084,2020
poste_01_1_7_3,1.4108489866356084,2020
poste_01_1_7_4,1.4108489866356084,2020
poste_01_1_7_5,1.4108489866356084,2020
poste_01_1_7_6,1.4108489866356084,2020
poste_01_1_7_7,1.4108489866356084,2020
poste_01_1_7_9,1.4108489866356084,2020
poste_01_1_7_8,1.4108489866356084,2020
poste_01_1_8_1,1.5955499751901592,2020
poste_01_1_8_6,1.5955499751901592,2020
poste_01_1_9_4,3.8392320441747976,2020
poste_01_1_8_2,1.5955499751901592,2020
poste_01_1_8_4,1.5955499751901592,2020
poste_01_1_8_3,1.5955499751901592,2020
poste_01_1_8_5,1.5955499751901592,2020
poste_01_1_9_1,3.8392320441747976,2020
poste_01_1_9_2,3.8392320441747976,2020
poste_01_1_9_3,3.8392320441747976,2020
poste_01_1_9_5,3.8392320441747976,2020
poste_01_3_1_1,0.0,2020
poste_01_3_1_2,0.0,2020
poste_01_2_9_1,8.538614502702059,2020
poste_01_2_2_1,1.422315837232425,2020
poste_01_2_3_1,1.0240543626142988,2020
poste_01_2_5_1,1.3201850566461852,2020
poste_01_2_1_2,0.9512715613921481,2020
poste_01_2_6_1,1.7529794770804195,2020
poste_01_2_1_1,0.9512715613921481,2020
poste_02_1_1_1,2.028886836422819,2020
poste_02_1_2_1,2.100591396785053,2020
poste_02_1_9_1,0.19243586916315358,2020
poste_02_1_3_1,2.6613201999251954,2020
poste_02_3_1_1,2.2066707706616353,2020
poste_02_3_1_2,2.2066707706616353,2020
poste_02_3_1_3,2.2066707706616353,2020
poste_02_5_1_1,0.0,2020
poste_03_1_1_1,1.0501663460815862,2020
poste_03_1_2_1,1.0941839611048865,2020
poste_03_1_2_2,1.0941839611048865,2020
poste_03_1_2_3,1.0941839611048865,2020
poste_03_1_3_1,2.893108996300651,2020
poste_03_1_4_1,0.7095711505953775,2020
poste_03_2_1_1,0.7353425417719268,2020
poste_03_2_1_2,0.7353425417719268,2020
poste_03_2_1_3,0.7353425417719268,2020
poste_03_2_2_1,1.5227276781581878,2020
poste_03_3_1_1,0.0,2020
poste_03_3_1_2,0.0,2020
poste_04_1_1_1,1.1271568342865534,2020
poste_04_1_2_1,0.4986613463965923,2020
poste_04_3_1_1,0.8953477196559887,2020
poste_04_3_2_1,12.503253837121528,2020
poste_04_4_1_1,0.6294930284066509,2020
poste_04_4_2_1,477.3677541483078,2020
poste_04_4_4_1,0.3221314075852569,2020
poste_04_5_1_1,1.2696408258927436,2020
poste_04_5_2_1,1.107447214747539,2020
poste_04_5_2_2,1.107447214747539,2020
poste_04_5_3_1,0.8075426706345896,2020
poste_04_5_4_1,1.5458880111398448,2020
poste_04_5_5_1,115.07384552298947,2020
poste_04_5_5_2,115.07384552298947,2020
poste_04_6_1_1,0.0,2020
poste_05_1_1_0,1.3111484575789207,2020
poste_05_1_1_1,1.3111484575789207,2020
poste_05_1_1_2,1.3111484575789207,2020
poste_05_1_1_4,1.3111484575789207,2020
poste_05_1_1_3,1.3111484575789207,2020
poste_05_1_1_6,1.3111484575789207,2020
poste_05_1_1_5,1.3111484575789207,2020
poste_05_1_3_1,1.3111484575789207,2020
poste_05_1_2_1,1.3111484575789207,2020
poste_05_2_1_1,1.140667247188271,2020
poste_05_2_1_2,1.140667247188271,2020
poste_05_3_1_2,1.7659188021348446,2020
poste_05_3_1_3,1.7659188021348446,2020
poste_05_3_1_1,1.7659188021348446,2020
poste_05_3_1_5,1.7659188021348446,2020
poste_05_3_1_6,1.7659188021348446,2020
poste_05_3_1_7,1.7659188021348446,2020
poste_05_3_1_4,1.7659188021348446,2020
poste_05_3_2_1,3.375470601635405,2020
poste_05_3_3_1,8.498951275712571,2020
poste_05_4_1_4,1.920981147368552,2020
poste_05_4_1_1,1.920981147368552,2020
poste_05_4_1_2,1.920981147368552,2020
poste_05_4_1_3,1.920981147368552,2020
poste_05_5_1_1,0.6750267429362451,2020
poste_05_5_1_2,0.6750267429362451,2020
poste_05_5_2_2,0.6842414806470394,2020
poste_05_5_2_1,0.6842414806470394,2020
poste_05_5_3_1,2.2389469952519985,2020
poste_05_5_3_2,2.2389469952519985,2020
poste_05_6_1_2,1.7777557924150842,2020
poste_05_6_1_1,1.7777557924150842,2020
poste_05_6_2_1,0.3300331823377473,2020
poste_05_6_2_2,0.3300331823377473,2020
poste_05_7_1_1,0.0,2020
poste_05_7_1_2,0.0,2020
poste_06_1_1_1,2.5291217463564712,2020
poste_06_1_1_2,2.5291217463564712,2020
poste_06_1_1_3,2.5291217463564712,2020
poste_06_2_1_1,3.083303974743434,2020
poste_06_2_2_1,3.083303974743434,2020
poste_06_2_3_1,3.083303974743434,2020
poste_06_2_3_2,3.083303974743434,2020
poste_06_2_3_3,3.083303974743434,2020
poste_06_3_1_1,7.956086670681617,2020
poste_06_4_1_1,13.193821107730571,2020
poste_06_4_1_2,13.193821107730571,2020
poste_07_1_1_1,0.580754696399992,2020
poste_07_1_1_2,0.580754696399992,2020
poste_07_1_2_1,1.2952330752339842,2020
poste_07_1_3_1,1.8951497204166385,2020
poste_07_1_4_1,0.0,2020
poste_07_2_1_1,6.787091589363253,2020
poste_07_2_2_1,1.103950467382599,2020
poste_07_2_3_1,0.5904022946134087,2020
poste_07_2_4_1,3.186409921854553,2020
poste_07_2_4_2,3.186409921854553,2020
poste_07_3_1_1,0.8370255487961467,2020
poste_07_3_2_1,2.4600268234932807,2020
poste_07_3_3_1,0.8026816224679009,2020
poste_07_3_5_1,0.5049388182550875,2020
poste_07_4_9_1,3.1938333062523094,2020
poste_07_3_4_1,0.31402508438681725,2020
poste_07_5_1_1,0.0,2020
poste_07_5_1_2,0.0,2020
poste_07_4_1_1,3.178594637347314,2020
poste_08_1_2_1,3.1054083046840906,2020
poste_08_3_1_1,1.9013864599631911,2020
poste_08_4_1_1,0.0,2020
poste_09_1_2_2,2.5559302998592983,2020
poste_09_1_2_1,2.5559302998592983,2020
poste_09_1_1_1,1.0217339903687404,2020
poste_09_1_1_2,1.0217339903687404,2020
poste_08_1_1_1,3.1054083046840906,2020
poste_09_5_2_1,0.3941693405185592,2020
poste_09_4_1_1,0.8429621017273057,2020
poste_09_2_2_1,1.793800611261913,2020
poste_09_5_1_1,0.44535722484749535,2020
poste_09_1_2_3,2.5559302998592983,2020
poste_09_4_2_1,0.9150995116093704,2020
poste_09_2_1_1,2.49680500385586,2020
poste_09_3_1_1,1.2798051989087804,2020
poste_09_2_2_2,1.793800611261913,2020
poste_09_3_2_2,1.2809202247758626,2020
poste_09_3_2_1,1.2809202247758626,2020
poste_09_4_2_2,0.9150995116093704,2020
poste_09_6_1_1,1.3859825292402919,2020
poste_09_6_2_1,1.1071637856114729,2020
poste_09_6_9_1,0.04376137442465481,2020
poste_09_6_3_1,2.1081563761375732,2020
poste_09_4_7_1,8.7058585506534,2020
poste_09_7_1_1,1.083628961872512,2020
poste_09_7_2_1,1.262106159559849,2020
poste_09_7_3_1,1.6572329249566675,2020
poste_09_7_4_1,0.7636995916254693,2020
poste_09_8_1_1,0.19059747325439677,2020
poste_09_9_1_1,0.0,2020
poste_09_9_1_2,0.0,2020
poste_10_1_1_1,0.9937866645019237,2020
poste_10_2_1_1,1.277709513246362,2020
poste_10_4_1_1,1.0149175916437239,2020
poste_10_5_1_1,6.439443490963885,2020
poste_10_6_1_1,0.0,2020
poste_10_6_1_2,0.0,2020
poste_11_1_1_1,1.536356496781044,2020
poste_11_1_1_2,1.536356496781044,2020
poste_11_1_2_1,0.8243033437372805,2020
poste_11_1_3_1,0.0,2020
poste_11_1_3_2,0.0,2020
poste_11_2_1_1,1.3890806992434264,2020
poste_13_1_3_1,1.0987340249635993,2020
poste_13_1_2_1,1.3690012388577264,2020
poste_13_1_1_1,13.872045086405429,2020
poste_13_2_1_1,3.913797136012589,2020
poste_13_2_9_1,2.473821085968728,2020
poste_13_2_9_2,2.473821085968728,2020
poste_12_3_3_1,0.0,2020
poste_13_3_1_1,2.095086145779414,2020
poste_12_1_1_1,29.42640140342258,2020
poste_12_1_3_1,0.6444275185678802,2020
poste_12_1_2_1,0.4471898283225201,2020
poste_12_1_4_1,0.4494771442015083,2020
poste_12_1_9_1,0.5079408381436435,2020
poste_12_2_1_1,3.048252698611154,2020
poste_13_9_1_1,0.8549827752184697,2020
poste_13_9_1_2,0.8549827752184697,2020
poste_12_8_1_1,0.0,2020
poste_12_9_1_1,0.0,2020
loyer_impute,1.509011915116657,2021
rev_disp_yc_loyerimpute,1.3936181660153713,2021
rev_disponible,1.3778121906407101,2021
poste_01_1_1_2,1.207082489366288,2021
poste_01_1_1_4,1.207082489366288,2021
poste_01_1_1_5,1.207082489366288,2021
poste_01_1_1_3,1.207082489366288,2021
poste_01_1_1_1,1.207082489366288,2021
poste_01_1_2_1,1.148238320528834,2021
poste_01_1_2_3,1.148238320528834,2021
poste_01_1_2_2,1.148238320528834,2021
poste_01_1_2_5,1.148238320528834,2021
poste_01_1_2_4,1.148238320528834,2021
poste_01_1_2_7,1.148238320528834,2021
poste_01_1_2_6,1.148238320528834,2021
poste_01_1_3_0,0.9233154755235788,2021
poste_01_1_3_2,0.9233154755235788,2021
poste_01_1_3_1,0.9233154755235788,2021
poste_01_1_3_3,0.9233154755235788,2021
poste_01_1_3_4,0.9233154755235788,2021
poste_01_1_4_1,1.2202757444034655,2021
poste_01_1_4_2,1.2202757444034655,2021
poste_01_1_4_3,1.2202757444034655,2021
poste_01_1_4_4,1.2202757444034655,2021
poste_01_1_4_6,1.2202757444034655,2021
poste_01_1_4_5,1.2202757444034655,2021
poste_01_1_4_7,1.2202757444034655,2021
poste_01_1_5_1,1.3736524911160097,2021
poste_01_1_5_3,1.3736524911160097,2021
poste_01_1_5_4,1.3736524911160097,2021
poste_01_1_5_2,1.3736524911160097,2021
poste_01_1_5_5,1.3736524911160097,2021
poste_01_1_6_1,1.1575479034697014,2021
poste_01_1_6_2,1.1575479034697014,2021
poste_01_1_6_3,1.1575479034697014,2021
poste_01_1_6_4,1.1575479034697014,2021
poste_01_1_6_5,1.1575479034697014,2021
poste_01_1_6_6,1.1575479034697014,2021
poste_01_1_6_7,1.1575479034697014,2021
poste_01_1_6_8,1.1575479034697014,2021
poste_01_1_6_9,1.1575479034697014,2021
poste_01_1_7_1,1.378177399016513,2021
poste_01_1_7_2,1.378177399016513,2021
poste_01_1_7_3,1.378177399016513,2021
poste_01_1_7_4,1.378177399016513,2021
poste_01_1_7_5,1.378177399016513,2021
poste_01_1_7_6,1.378177399016513,2021
poste_01_1_7_7,1.378177399016513,2021
poste_01_1_7_9,1.378177399016513,2021
poste_01_1_7_8,1.378177399016513,2021
poste_01_1_8_1,1.5981219736725156,2021
poste_01_1_8_6,1.5981219736725156,2021
poste_01_1_9_4,4.020149267576513,2021
poste_01_1_8_2,1.5981219736725156,2021
poste_01_1_8_4,1.5981219736725156,2021
poste_01_1_8_3,1.5981219736725156,2021
poste_01_1_8_5,1.5981219736725156,2021
poste_01_1_9_1,4.020149267576513,2021
poste_01_1_9_2,4.020149267576513,2021
poste_01_1_9_3,4.020149267576513,2021
poste_01_1_9_5,4.020149267576513,2021
poste_01_3_1_1,0.0,2021
poste_01_3_1_2,0.0,2021
poste_01_2_9_1,8.842629389384065,2021
poste_01_2_2_1,1.4419109025751213,2021
poste_01_2_3_1,1.0381676630998773,2021
poste_01_2_5_1,1.2839513011463681,2021
poste_01_2_1_2,0.9246432701054902,2021
poste_01_2_6_1,1.825870420539272,2021
poste_01_2_1_1,0.9246432701054902,2021
poste_02_1_1_1,2.0705245698580392,2021
poste_02_1_2_1,2.1110639912090985,2021
poste_02_1_9_1,0.20105240061822016,2021
poste_02_1_3_1,2.7907174117359936,2021
poste_02_3_1_1,2.2036876313424716,2021
poste_02_3_1_2,2.2036876313424716,2021
poste_02_3_1_3,2.2036876313424716,2021
poste_02_5_1_1,0.0,2021
poste_03_1_1_1,1.1420248680792664,2021
poste_03_1_2_1,1.2191729310916075,2021
poste_03_1_2_2,1.2191729310916075,2021
poste_03_1_2_3,1.2191729310916075,2021
poste_03_1_3_1,3.0897796385640226,2021
poste_03_1_4_1,0.8069260019121838,2021
poste_03_2_1_1,0.8427619100737997,2021
poste_03_2_1_2,0.8427619100737997,2021
poste_03_2_1_3,0.8427619100737997,2021
poste_03_2_2_1,1.749228804092793,2021
poste_03_3_1_1,0.0,2021
poste_03_3_1_2,0.0,2021
poste_04_1_1_1,1.177959938656889,2021
poste_04_1_2_1,0.5051665676135358,2021
poste_04_3_1_1,0.9520870005310493,2021
poste_04_3_2_1,14.612050577530201,2021
poste_04_4_1_1,0.6414006660922152,2021
poste_04_4_2_1,494.7547474176772,2021
poste_04_4_4_1,0.34237796859730674,2021
poste_04_5_1_1,1.3609524791563865,2021
poste_04_5_2_1,1.2595518668100734,2021
poste_04_5_2_2,1.2595518668100734,2021
poste_04_5_3_1,0.8971756495790175,2021
poste_04_5_4_1,1.8974040156320928,2021
poste_04_5_5_1,133.2365464547361,2021
poste_04_5_5_2,133.2365464547361,2021
poste_04_6_1_1,0.0,2021
poste_05_1_1_0,1.495251941777628,2021
poste_05_1_1_1,1.495251941777628,2021
poste_05_1_1_2,1.495251941777628,2021
poste_05_1_1_4,1.495251941777628,2021
poste_05_1_1_3,1.495251941777628,2021
poste_05_1_1_6,1.495251941777628,2021
poste_05_1_1_5,1.495251941777628,2021
poste_05_1_3_1,1.495251941777628,2021
poste_05_1_2_1,1.495251941777628,2021
poste_05_2_1_1,1.2078298517192323,2021
poste_05_2_1_2,1.2078298517192323,2021
poste_05_3_1_2,1.9693906300957977,2021
poste_05_3_1_3,1.9693906300957977,2021
poste_05_3_1_1,1.9693906300957977,2021
poste_05_3_1_5,1.9693906300957977,2021
poste_05_3_1_6,1.9693906300957977,2021
poste_05_3_1_7,1.9693906300957977,2021
poste_05_3_1_4,1.9693906300957977,2021
poste_05_3_2_1,3.532796614553059,2021
poste_05_3_3_1,8.944704973059327,2021
poste_05_4_1_4,2.0084838847478306,2021
poste_05_4_1_1,2.0084838847478306,2021
poste_05_4_1_2,2.0084838847478306,2021
poste_05_4_1_3,2.0084838847478306,2021
poste_05_5_1_1,0.7938442717285055,2021
poste_05_5_1_2,0.7938442717285055,2021
poste_05_5_2_2,0.6978710552278956,2021
poste_05_5_2_1,0.6978710552278956,2021
poste_05_5_3_1,2.3563754718864063,2021
poste_05_5_3_2,2.3563754718864063,2021
poste_05_6_1_2,1.746657239592753,2021
poste_05_6_1_1,1.746657239592753,2021
poste_05_6_2_1,0.3817721444191648,2021
poste_05_6_2_2,0.3817721444191648,2021
poste_05_7_1_1,0.0,2021
poste_05_7_1_2,0.0,2021
poste_06_1_1_1,2.70825790812397,2021
poste_06_1_1_2,2.70825790812397,2021
poste_06_1_1_3,2.70825790812397,2021
poste_06_2_1_1,3.503698999167762,2021
poste_06_2_2_1,3.503698999167762,2021
poste_06_2_3_1,3.503698999167762,2021
poste_06_2_3_2,3.503698999167762,2021
poste_06_2_3_3,3.503698999167762,2021
poste_06_3_1_1,8.267495864406612,2021
poste_06_4_1_1,15.84281836531019,2021
poste_06_4_1_2,15.84281836531019,2021
poste_07_1_1_1,0.5759407880147615,2021
poste_07_1_1_2,0.5759407880147615,2021
poste_07_1_2_1,1.441791513420786,2021
poste_07_1_3_1,2.10698184731316,2021
poste_07_1_4_1,0.0,2021
poste_07_2_1_1,7.724219721309942,2021
poste_07_2_2_1,1.3946624361594513,2021
poste_07_2_3_1,0.6741185858133143,2021
poste_07_2_4_1,3.944781094718692,2021
poste_07_2_4_2,3.944781094718692,2021
poste_07_3_1_1,1.110775703708713,2021
poste_07_3_2_1,2.922789964921676,2021
poste_07_3_3_1,1.0059974219994317,2021
poste_07_3_5_1,0.6354790434388765,2021
poste_07_4_9_1,3.644640830395657,2021
poste_07_3_4_1,0.38858163353462016,2021
poste_07_5_1_1,0.0,2021
poste_07_5_1_2,0.0,2021
poste_07_4_1_1,3.190177311421799,2021
poste_08_1_2_1,3.212156219301444,2021
poste_08_3_1_1,2.000096668893941,2021
poste_08_4_1_1,0.0,2021
poste_09_1_2_2,2.929449532572321,2021
poste_09_1_2_1,2.929449532572321,2021
poste_09_1_1_1,1.0822373034515491,2021
poste_09_1_1_2,1.0822373034515491,2021
poste_08_1_1_1,3.212156219301444,2021
poste_09_5_2_1,0.39074053871629555,2021
poste_09_4_1_1,0.8813755645908284,2021
poste_09_2_2_1,2.0543678914635892,2021
poste_09_5_1_1,0.5331649360087187,2021
poste_09_1_2_3,2.929449532572321,2021
poste_09_4_2_1,0.945825742386701,2021
poste_09_2_1_1,2.511609281304577,2021
poste_09_3_1_1,1.4031408585511749,2021
poste_09_2_2_2,2.0543678914635892,2021
poste_09_3_2_2,1.3413703653103906,2021
poste_09_3_2_1,1.3413703653103906,2021
poste_09_4_2_2,0.945825742386701,2021
poste_09_6_1_1,1.677612985882142,2021
poste_09_6_2_1,1.3640578479167726,2021
poste_09_6_9_1,0.049269706358604386,2021
poste_09_6_3_1,2.3752981315469004,2021
poste_09_4_7_1,10.001636330820727,2021
poste_09_7_1_1,1.3300185718061657,2021
poste_09_7_2_1,1.2912914458980322,2021
poste_09_7_3_1,2.027871576118591,2021
poste_09_7_4_1,0.8113577953608935,2021
poste_09_8_1_1,0.19523409213524756,2021
poste_09_9_1_1,0.0,2021
poste_09_9_1_2,0.0,2021
poste_10_1_1_1,0.948856105533193,2021
poste_10_2_1_1,1.1830488739125617,2021
poste_10_4_1_1,1.0391496672539147,2021
poste_10_5_1_1,6.72525673073025,2021
poste_10_6_1_1,0.0,2021
poste_10_6_1_2,0.0,2021
poste_11_1_1_1,1.8182747401410142,2021
poste_11_1_1_2,1.8182747401410142,2021
poste_11_1_2_1,0.8674282883970639,2021
poste_11_1_3_1,0.0,2021
poste_11_1_3_2,0.0,2021
poste_11_2_1_1,1.6621113446192026,2021
poste_13_1_3_1,1.3009951125279784,2021
poste_13_1_2_1,1.4102515251323942,2021
poste_13_1_1_1,14.53719896997029,2021
poste_13_2_1_1,4.5980123233805905,2021
poste_13_2_9_1,2.597019640080679,2021
poste_13_2_9_2,2.597019640080679,2021
poste_12_3_3_1,0.0,2021
poste_13_3_1_1,2.1943007825481273,2021
poste_12_1_1_1,29.242509369667903,2021
poste_12_1_3_1,0.6691503510899054,2021
poste_12_1_2_1,0.4536759987184656,2021
poste_12_1_4_1,0.4805300451463431,2021
poste_12_1_9_1,0.5724739176266046,2021
poste_12_2_1_1,3.0670303872285194,2021
poste_13_9_1_1,0.9691953695459025,2021
poste_13_9_1_2,0.9691953695459025,2021
poste_12_8_1_1,0.0,2021
poste_12_9_1_1,0.0,2021
loyer_impute,1.5409580410298374,2022
rev_disp_yc_loyerimpute,1.4657032328612953,2022
rev_disponible,1.4553952599078104,2022
poste_01_1_1_2,1.3139745147107202,2022
poste_01_1_1_4,1.3139745147107202,2022
poste_01_1_1_5,1.3139745147107202,2022
poste_01_1_1_3,1.3139745147107202,2022
poste_01_1_1_1,1.3139745147107202,2022
poste_01_1_2_1,1.1600545279341123,2022
poste_01_1_2_3,1.1600545279341123,2022
poste_01_1_2_2,1.1600545279341123,2022
poste_01_1_2_5,1.1600545279341123,2022
poste_01_1_2_4,1.1600545279341123,2022
poste_01_1_2_7,1.1600545279341123,2022
poste_01_1_2_6,1.1600545279341123,2022
poste_01_1_3_0,0.8836231247593871,2022
poste_01_1_3_2,0.8836231247593871,2022
poste_01_1_3_1,0.8836231247593871,2022
poste_01_1_3_3,0.8836231247593871,2022
poste_01_1_3_4,0.8836231247593871,2022
poste_01_1_4_1,1.2900120253080072,2022
poste_01_1_4_2,1.2900120253080072,2022
poste_01_1_4_3,1.2900120253080072,2022
poste_01_1_4_4,1.2900120253080072,2022
poste_01_1_4_6,1.2900120253080072,2022
poste_01_1_4_5,1.2900120253080072,2022
poste_01_1_4_7,1.2900120253080072,2022
poste_01_1_5_1,1.511751524803572,2022
poste_01_1_5_3,1.511751524803572,2022
poste_01_1_5_4,1.511751524803572,2022
poste_01_1_5_2,1.511751524803572,2022
poste_01_1_5_5,1.511751524803572,2022
poste_01_1_6_1,1.1825870309186475,2022
poste_01_1_6_2,1.1825870309186475,2022
poste_01_1_6_3,1.1825870309186475,2022
poste_01_1_6_4,1.1825870309186475,2022
poste_01_1_6_5,1.1825870309186475,2022
poste_01_1_6_6,1.1825870309186475,2022
poste_01_1_6_7,1.1825870309186475,2022
poste_01_1_6_8,1.1825870309186475,2022
poste_01_1_6_9,1.1825870309186475,2022
poste_01_1_7_1,1.4289868944632218,2022
poste_01_1_7_2,1.4289868944632218,2022
poste_01_1_7_3,1.4289868944632218,2022
poste_01_1_7_4,1.4289868944632218,2022
poste_01_1_7_5,1.4289868944632218,2022
poste_01_1_7_6,1.4289868944632218,2022
poste_01_1_7_7,1.4289868944632218,2022
poste_01_1_7_9,1.4289868944632218,2022
poste_01_1_7_8,1.4289868944632218,2022
poste_01_1_8_1,1.6606268951239485,2022
poste_01_1_8_6,1.6606268951239485,2022
poste_01_1_9_4,4.284771013611439,2022
poste_01_1_8_2,1.6606268951239485,2022
poste_01_1_8_4,1.6606268951239485,2022
poste_01_1_8_3,1.6606268951239485,2022
poste_01_1_8_5,1.6606268951239485,2022
poste_01_1_9_1,4.284771013611439,2022
poste_01_1_9_2,4.284771013611439,2022
poste_01_1_9_3,4.284771013611439,2022
poste_01_1_9_5,4.284771013611439,2022
poste_01_3_1_1,0.0,2022
poste_01_3_1_2,0.0,2022
poste_01_2_9_1,9.93074679943229,2022
poste_01_2_2_1,1.5155144309353217,2022
poste_01_2_3_1,1.091260555402768,2022
poste_01_2_5_1,1.3763552889712298,2022
poste_01_2_1_2,0.9639648401401923,2022
poste_01_2_6_1,2.063555088132187,2022
poste_01_2_1_1,0.9639648401401923,2022
poste_02_1_1_1,1.9841026747683126,2022
poste_02_1_2_1,2.067302085231813,2022
poste_02_1_9_1,0.20278906587272968,2022
poste_02_1_3_1,2.8577054833811646,2022
poste_02_3_1_1,2.07768260960472,2022
poste_02_3_1_2,2.07768260960472,2022
poste_02_3_1_3,2.07768260960472,2022
poste_02_5_1_1,0.0,2022
poste_03_1_1_1,1.1676790498984382,2022
poste_03_1_2_1,1.2640798719060227,2022
poste_03_1_2_2,1.2640798719060227,2022
poste_03_1_2_3,1.2640798719060227,2022
poste_03_1_3_1,3.2036809138638733,2022
poste_03_1_4_1,0.9938219746136447,2022
poste_03_2_1_1,0.9017634605818842,2022
poste_03_2_1_2,0.9017634605818842,2022
poste_03_2_1_3,0.9017634605818842,2022
poste_03_2_2_1,1.9424933517652552,2022
poste_03_3_1_1,0.0,2022
poste_03_3_1_2,0.0,2022
poste_04_1_1_1,1.2189393455189472,2022
poste_04_1_2_1,0.5363193492191209,2022
poste_04_3_1_1,0.9456754306680419,2022
poste_04_3_2_1,15.673772699832355,2022
poste_04_4_1_1,0.6519049532454086,2022
poste_04_4_2_1,555.0621564709979,2022
poste_04_4_4_1,0.36349861021692526,2022
poste_04_5_1_1,1.3333818308750411,2022
poste_04_5_2_1,1.2553575388451161,2022
poste_04_5_2_2,1.2553575388451161,2022
poste_04_5_3_1,1.1443359809495288,2022
poste_04_5_4_1,2.448244927356617,2022
poste_04_5_5_1,173.4968227407867,2022
poste_04_5_5_2,173.4968227407867,2022
poste_04_6_1_1,0.0,2022
poste_05_1_1_0,1.5433772528978813,2022
poste_05_1_1_1,1.5433772528978813,2022
poste_05_1_1_2,1.5433772528978813,2022
poste_05_1_1_4,1.5433772528978813,2022
poste_05_1_1_3,1.5433772528978813,2022
poste_05_1_1_6,1.5433772528978813,2022
poste_05_1_1_5,1.5433772528978813,2022
poste_05_1_3_1,1.5433772528978813,2022
poste_05_1_2_1,1.5433772528978813,2022
poste_05_2_1_1,1.123683600065499,2022
poste_05_2_1_2,1.123683600065499,2022
poste_05_3_1_2,1.9616350234638285,2022
poste_05_3_1_3,1.9616350234638285,2022
poste_05_3_1_1,1.9616350234638285,2022
poste_05_3_1_5,1.9616350234638285,2022
poste_05_3_1_6,1.9616350234638285,2022
poste_05_3_1_7,1.9616350234638285,2022
poste_05_3_1_4,1.9616350234638285,2022
poste_05_3_2_1,3.3112716878096173,2022
poste_05_3_3_1,9.864555088393383,2022
poste_05_4_1_4,2.0988375885078874,2022
poste_05_4_1_1,2.0988375885078874,2022
poste_05_4_1_2,2.0988375885078874,2022
poste_05_4_1_3,2.0988375885078874,2022
poste_05_5_1_1,0.7213997712598432,2022
poste_05_5_1_2,0.7213997712598432,2022
poste_05_5_2_2,0.6736377768708133,2022
poste_05_5_2_1,0.6736377768708133,2022
poste_05_5_3_1,2.598698975692671,2022
poste_05_5_3_2,2.598698975692671,2022
poste_05_6_1_2,1.7670609971121116,2022
poste_05_6_1_1,1.7670609971121116,2022
poste_05_6_2_1,0.4051000406062464,2022
poste_05_6_2_2,0.4051000406062464,2022
poste_05_7_1_1,0.0,2022
poste_05_7_1_2,0.0,2022
poste_06_1_1_1,2.771505875648385,2022
poste_06_1_1_2,2.771505875648385,2022
poste_06_1_1_3,2.771505875648385,2022
poste_06_2_1_1,3.6317225528080574,2022
poste_06_2_2_1,3.6317225528080574,2022
poste_06_2_3_1,3.6317225528080574,2022
poste_06_2_3_2,3.6317225528080574,2022
poste_06_2_3_3,3.6317225528080574,2022
poste_06_3_1_1,8.393513059049178,2022
poste_06_4_1_1,16.185784963620634,2022
poste_06_4_1_2,16.185784963620634,2022
poste_07_1_1_1,0.5760720939795411,2022
poste_07_1_1_2,0.5760720939795411,2022
poste_07_1_2_1,1.4127426266972414,2022
poste_07_1_3_1,2.11489989174261,2022
poste_07_1_4_1,0.0,2022
poste_07_2_1_1,8.284932858660643,2022
poste_07_2_2_1,1.7769838195797152,2022
poste_07_2_3_1,0.7225348712249017,2022
poste_07_2_4_1,4.410944353851457,2022
poste_07_2_4_2,4.410944353851457,2022
poste_07_3_1_1,1.504083307945603,2022
poste_07_3_2_1,3.846553340573025,2022
poste_07_3_3_1,2.619155232302318,2022
poste_07_3_5_1,0.7447523667711309,2022
poste_07_4_9_1,3.8852248458313414,2022
poste_07_3_4_1,0.7421926952070566,2022
poste_07_5_1_1,0.0,2022
poste_07_5_1_2,0.0,2022
poste_07_4_1_1,2.967944404846015,2022
poste_08_1_2_1,3.0493963925920418,2022
poste_08_3_1_1,2.0705237935148006,2022
poste_08_4_1_1,0.0,2022
poste_09_1_2_2,2.9368060574446377,2022
poste_09_1_2_1,2.9368060574446377,2022
poste_09_1_1_1,1.1174261739685538,2022
poste_09_1_1_2,1.1174261739685538,2022
poste_08_1_1_1,3.0493963925920418,2022
poste_09_5_2_1,0.3586669551909543,2022
poste_09_4_1_1,1.010487481437669,2022
poste_09_2_2_1,2.214963926677292,2022
poste_09_5_1_1,0.5974410521192917,2022
poste_09_1_2_3,2.9368060574446377,2022
poste_09_4_2_1,1.4633617921943658,2022
poste_09_2_1_1,2.4629170875084045,2022
poste_09_3_1_1,1.2596007758464915,2022
poste_09_2_2_2,2.214963926677292,2022
poste_09_3_2_2,1.4664796082070721,2022
poste_09_3_2_1,1.4664796082070721,2022
poste_09_4_2_2,1.4633617921943658,2022
poste_09_6_1_1,2.6727755670227586,2022
poste_09_6_2_1,2.22654244491354,2022
poste_09_6_9_1,0.05148631222118168,2022
poste_09_6_3_1,2.63667751824085,2022
poste_09_4_7_1,11.69926230895368,2022
poste_09_7_1_1,1.3034442420295116,2022
poste_09_7_2_1,1.3243761024561167,2022
poste_09_7_3_1,1.9526935648463737,2022
poste_09_7_4_1,0.8281038853353427,2022
poste_09_8_1_1,0.41510141462102335,2022
poste_09_9_1_1,0.0,2022
poste_09_9_1_2,0.0,2022
poste_10_1_1_1,0.9804202258123011,2022
poste_10_2_1_1,1.2068882985459632,2022
poste_10_4_1_1,1.102634695156887,2022
poste_10_5_1_1,6.890176927545107,2022
poste_10_6_1_1,0.0,2022
poste_10_6_1_2,0.0,2022
poste_11_1_1_1,2.63766826619538,2022
poste_11_1_1_2,2.63766826619538,2022
poste_11_1_2_1,1.0146516004828543,2022
poste_11_1_3_1,0.0,2022
poste_11_1_3_2,0.0,2022
poste_11_2_1_1,2.60694000251871,2022
poste_13_1_3_1,1.4546652883943803,2022
poste_13_1_2_1,1.5107349336199105,2022
poste_13_1_1_1,14.325262683540311,2022
poste_13_2_1_1,5.616945555037175,2022
poste_13_2_9_1,2.7757408520322637,2022
poste_13_2_9_2,2.7757408520322637,2022
poste_12_3_3_1,0.0,2022
poste_13_3_1_1,2.3124065132478586,2022
poste_12_1_1_1,32.43098218881764,2022
poste_12_1_3_1,0.7123406166665249,2022
poste_12_1_2_1,0.42603112058307613,2022
poste_12_1_4_1,0.5035179975055053,2022
poste_12_1_9_1,0.9028955810987243,2022
poste_12_2_1_1,3.861794277520272,2022
poste_13_9_1_1,1.0630831856956084,2022
poste_13_9_1_2,1.0630831856956084,2022
poste_12_8_1_1,0.0,2022
poste_12_9_1_1,0.0,2022
loyer_impute,1.5824204122788856,2023
rev_disp_yc_loyerimpute,1.5825741197389085,2023
rev_disponible,1.5825951737071322,2023
poste_01_1_1_2,1.465093897629479,2023
poste_01_1_1_4,1.465093897629479,2023
poste_01_1_1_5,1.465093897629479,2023
poste_01_1_1_3,1.465093897629479,2023
poste_01_1_1_1,1.465093897629479,2023
poste_01_1_2_1,1.2310425545369963,2023
poste_01_1_2_3,1.2310425545369963,2023
poste_01_1_2_2,1.2310425545369963,2023
poste_01_1_2_5,1.2310425545369963,2023
poste_01_1_2_4,1.2310425545369963,2023
poste_01_1_2_7,1.2310425545369963,2023
poste_01_1_2_6,1.2310425545369963,2023
poste_01_1_3_0,0.8828573180512623,2023
poste_01_1_3_2,0.8828573180512623,2023
poste_01_1_3_1,0.8828573180512623,2023
poste_01_1_3_3,0.8828573180512623,2023
poste_01_1_3_4,0.8828573180512623,2023
poste_01_1_4_1,1.4624786180894946,2023
poste_01_1_4_2,1.4624786180894946,2023
poste_01_1_4_3,1.4624786180894946,2023
poste_01_1_4_4,1.4624786180894946,2023
poste_01_1_4_6,1.4624786180894946,2023
poste_01_1_4_5,1.4624786180894946,2023
poste_01_1_4_7,1.4624786180894946,2023
poste_01_1_5_1,1.6367666747821918,2023
poste_01_1_5_3,1.6367666747821918,2023
poste_01_1_5_4,1.6367666747821918,2023
poste_01_1_5_2,1.6367666747821918,2023
poste_01_1_5_5,1.6367666747821918,2023
poste_01_1_6_1,1.2644655979688766,2023
poste_01_1_6_2,1.2644655979688766,2023
poste_01_1_6_3,1.2644655979688766,2023
poste_01_1_6_4,1.2644655979688766,2023
poste_01_1_6_5,1.2644655979688766,2023
poste_01_1_6_6,1.2644655979688766,2023
poste_01_1_6_7,1.2644655979688766,2023
poste_01_1_6_8,1.2644655979688766,2023
poste_01_1_6_9,1.2644655979688766,2023
poste_01_1_7_1,1.5430766700518483,2023
poste_01_1_7_2,1.5430766700518483,2023
poste_01_1_7_3,1.5430766700518483,2023
poste_01_1_7_4,1.5430766700518483,2023
poste_01_1_7_5,1.5430766700518483,2023
poste_01_1_7_6,1.5430766700518483,2023
poste_01_1_7_7,1.5430766700518483,2023
poste_01_1_7_9,1.5430766700518483,2023
poste_01_1_7_8,1.5430766700518483,2023
poste_01_1_8_1,1.8425823919252378,2023
poste_01_1_8_6,1.8425823919252378,2023
poste_01_1_9_4,4.6093829251087355,2023
poste_01_1_8_2,1.8425823919252378,2023
poste_01_1_8_4,1.8425823919252378,2023
poste_01_1_8_3,1.8425823919252378,2023
poste_01_1_8_5,1.8425823919252378,2023
poste_01_1_9_1,4.6093829251087355,2023
poste_01_1_9_2,4.6093829251087355,2023
poste_01_1_9_3,4.6093829251087355,2023
poste_01_1_9_5,4.6093829251087355,2023
poste_01_3_1_1,0.0,2023
poste_01_3_1_2,0.0,2023
poste_01_2_9_1,10.789177611726775,2023
poste_01_2_2_1,1.6439980889207968,2023
poste_01_2_3_1,1.183669070486913,2023
poste_01_2_5_1,1.4311014872373293,2023
poste_01_2_1_2,1.001251346462572,2023
poste_01_2_6_1,2.2498564118971087,2023
poste_01_2_1_1,1.001251346462572,2023
poste_02_1_1_1,1.9876686267501704,2023
poste_02_1_2_1,2.1001533795277734,2023
poste_02_1_9_1,0.212741493677419,2023
poste_02_1_3_1,3.0341356703892477,2023
poste_02_3_1_1,2.1058702321511067,2023
poste_02_3_1_2,2.1058702321511067,2023
poste_02_3_1_3,2.1058702321511067,2023
poste_02_5_1_1,0.0,2023
poste_03_1_1_1,1.1941607859698415,2023
poste_03_1_2_1,1.2574216465980919,2023
poste_03_1_2_2,1.2574216465980919,2023
poste_03_1_2_3,1.2574216465980919,2023
poste_03_1_3_1,3.179937645106033,2023
poste_03_1_4_1,1.1065931039046957,2023
poste_03_2_1_1,0.8946871989640989,2023
poste_03_2_1_2,0.8946871989640989,2023
poste_03_2_1_3,0.8946871989640989,2023
poste_03_2_2_1,2.085287539854463,2023
poste_03_3_1_1,0.0,2023
poste_03_3_1_2,0.0,2023
poste_04_1_1_1,1.2755971548686282,2023
poste_04_1_2_1,0.5401502017135432,2023
poste_04_3_1_1,0.9417226667233723,2023
poste_04_3_2_1,16.55916994208245,2023
poste_04_4_1_1,0.6795690216607634,2023
poste_04_4_2_1,539.1484535970392,2023
poste_04_4_4_1,0.3834181342669596,2023
poste_04_5_1_1,1.521450773805696,2023
poste_04_5_2_1,1.4355400829397333,2023
poste_04_5_2_2,1.4355400829397333,2023
poste_04_5_3_1,0.8964143754577532,2023
poste_04_5_4_1,2.834401442792366,2023
poste_04_5_5_1,167.79550109544107,2023
poste_04_5_5_2,167.79550109544107,2023
poste_04_6_1_1,0.0,2023
poste_05_1_1_0,1.5206172742986197,2023
poste_05_1_1_1,1.5206172742986197,2023
poste_05_1_1_2,1.5206172742986197,2023
poste_05_1_1_4,1.5206172742986197,2023
poste_05_1_1_3,1.5206172742986197,2023
poste_05_1_1_6,1.5206172742986197,2023
poste_05_1_1_5,1.5206172742986197,2023
poste_05_1_3_1,1.5206172742986197,2023
poste_05_1_2_1,1.5206172742986197,2023
poste_05_2_1_1,1.1373761576740495,2023
poste_05_2_1_2,1.1373761576740495,2023
poste_05_3_1_2,1.8799139091380772,2023
poste_05_3_1_3,1.8799139091380772,2023
poste_05_3_1_1,1.8799139091380772,2023
poste_05_3_1_5,1.8799139091380772,2023
poste_05_3_1_6,1.8799139091380772,2023
poste_05_3_1_7,1.8799139091380772,2023
poste_05_3_1_4,1.8799139091380772,2023
poste_05_3_2_1,3.3152937884348472,2023
poste_05_3_3_1,10.537050550864501,2023
poste_05_4_1_4,2.12954030337781,2023
poste_05_4_1_1,2.12954030337781,2023
poste_05_4_1_2,2.12954030337781,2023
poste_05_4_1_3,2.12954030337781,2023
poste_05_5_1_1,0.7631248117215137,2023
poste_05_5_1_2,0.7631248117215137,2023
poste_05_5_2_2,0.630986154485547,2023
poste_05_5_2_1,0.630986154485547,2023
poste_05_5_3_1,2.7758598566266626,2023
poste_05_5_3_2,2.7758598566266626,2023
poste_05_6_1_2,1.8812234559118604,2023
poste_05_6_1_1,1.8812234559118604,2023
poste_05_6_2_1,0.42292220530111857,2023
poste_05_6_2_2,0.42292220530111857,2023
poste_05_7_1_1,0.0,2023
poste_05_7_1_2,0.0,2023
poste_06_1_1_1,2.8763328893880677,2023
poste_06_1_1_2,2.8763328893880677,2023
poste_06_1_1_3,2.8763328893880677,2023
poste_06_2_1_1,3.9269333515689957,2023
poste_06_2_2_1,3.9269333515689957,2023
poste_06_2_3_1,3.9269333515689957,2023
poste_06_2_3_2,3.9269333515689957,2023
poste_06_2_3_3,3.9269333515689957,2023
poste_06_3_1_1,8.661590986716448,2023
poste_06_4_1_1,16.585512933679425,2023
poste_06_4_1_2,16.585512933679425,2023
poste_07_1_1_1,0.6830188713224997,2023
poste_07_1_1_2,0.6830188713224997,2023
poste_07_1_2_1,1.5796212069701414,2023
poste_07_1_3_1,1.9774582810289465,2023
poste_07_1_4_1,0.0,2023
poste_07_2_1_1,8.889180780959316,2023
poste_07_2_2_1,1.7466853301199075,2023
poste_07_2_3_1,0.7835340570514184,2023
poste_07_2_4_1,4.7266277447959215,2023
poste_07_2_4_2,4.7266277447959215,2023
poste_07_3_1_1,1.6338215481551048,2023
poste_07_3_2_1,4.431673260229095,2023
poste_07_3_3_1,3.38467671755505,2023
poste_07_3_5_1,0.8436924406153438,2023
poste_07_4_9_1,3.767002872663137,2023
poste_07_3_4_1,0.9175781012976024,2023
poste_07_5_1_1,0.0,2023
poste_07_5_1_2,0.0,2023
poste_07_4_1_1,2.6216996678460793,2023
poste_08_1_2_1,2.899132141172297,2023
poste_08_3_1_1,2.1511193603518346,2023
poste_08_4_1_1,0.0,2023
poste_09_1_2_2,2.977100590664867,2023
poste_09_1_2_1,2.977100590664867,2023
poste_09_1_1_1,1.1249666462221977,2023
poste_09_1_1_2,1.1249666462221977,2023
poste_08_1_1_1,2.899132141172297,2023
poste_09_5_2_1,0.33695121044328447,2023
poste_09_4_1_1,1.091049049387557,2023
poste_09_2_2_1,2.2484865379548733,2023
poste_09_5_1_1,0.6477725193109606,2023
poste_09_1_2_3,2.977100590664867,2023
poste_09_4_2_1,1.6491009606660494,2023
poste_09_2_1_1,2.594362879074556,2023
poste_09_3_1_1,1.2419848197957415,2023
poste_09_2_2_2,2.2484865379548733,2023
poste_09_3_2_2,1.6843792799668784,2023
poste_09_3_2_1,1.6843792799668784,2023
poste_09_4_2_2,1.6491009606660494,2023
poste_09_6_1_1,3.088507080635575,2023
poste_09_6_2_1,2.4507998915767844,2023
poste_09_6_9_1,0.05411438384268052,2023
poste_09_6_3_1,2.931221616965752,2023
poste_09_4_7_1,12.010055358425728,2023
poste_09_7_1_1,1.316465071764175,2023
poste_09_7_2_1,1.2823228943922598,2023
poste_09_7_3_1,1.9010086820967247,2023
poste_09_7_4_1,0.8525901738735637,2023
poste_09_8_1_1,0.5281452358539469,2023
poste_09_9_1_1,0.0,2023
poste_09_9_1_2,0.0,2023
poste_10_1_1_1,1.067865722299831,2023
poste_10_2_1_1,1.3216242428342075,2023
poste_10_4_1_1,1.1874921127284748,2023
poste_10_5_1_1,7.242394158451902,2023
poste_10_6_1_1,0.0,2023
poste_10_6_1_2,0.0,2023
poste_11_1_1_1,2.9147324634883236,2023
poste_11_1_1_2,2.9147324634883236,2023
poste_11_1_2_1,1.1379542718074354,2023
poste_11_1_3_1,0.0,2023
poste_11_1_3_2,0.0,2023
poste_11_2_1_1,2.899341479492768,2023
poste_13_1_3_1,1.5375884165053142,2023
poste_13_1_2_1,1.5863604584568012,2023
poste_13_1_1_1,13.940516809713577,2023
poste_13_2_1_1,5.937138218969099,2023
poste_13_2_9_1,3.1287238215105377,2023
poste_13_2_9_2,3.1287238215105377,2023
poste_12_3_3_1,0.0,2023
poste_13_3_1_1,2.498529140531468,2023
poste_12_1_1_1,33.427638413739935,2023
poste_12_1_3_1,0.7466239403148922,2023
poste_12_1_2_1,0.47776158687665815,2023
poste_12_1_4_1,0.5318722226551343,2023
poste_12_1_9_1,0.6854127185099399,2023
poste_12_2_1_1,11.509108858442492,2023
poste_13_9_1_1,1.1040785211492412,2023
poste_13_9_1_2,1.1040785211492412,2023
poste_12_8_1_1,0.0,2023
poste_12_9_1_1,0.0,2023
loyer_impute,1.627967113005274,2024
rev_disp_yc_loyerimpute,1.6281252446168224,2024
rev_disponible,1.6281469045800032,2024
poste_01_1_1_2,1.5072635971439636,2024
poste_01_1_1_4,1.5072635971439636,2024
poste_01_1_1_5,1.5072635971439636,2024
poste_01_1_1_3,1.5072635971439636,2024
poste_01_1_1_1,1.5072635971439636,2024
poste_01_1_2_1,1.266475569921446,2024
poste_01_1_2_3,1.266475569921446,2024
poste_01_1_2_2,1.266475569921446,2024
poste_01_1_2_5,1.266475569921446,2024
poste_01_1_2_4,1.266475569921446,2024
poste_01_1_2_7,1.266475569921446,2024
poste_01_1_2_6,1.266475569921446,2024
poste_01_1_3_0,0.9082685410975281,2024
poste_01_1_3_2,0.9082685410975281,2024
poste_01_1_3_1,0.9082685410975281,2024
poste_01_1_3_3,0.9082685410975281,2024
poste_01_1_3_4,0.9082685410975281,2024
poste_01_1_4_1,1.5045730421881676,2024
poste_01_1_4_2,1.5045730421881676,2024
poste_01_1_4_3,1.5045730421881676,2024
poste_01_1_4_4,1.5045730421881676,2024
poste_01_1_4_6,1.5045730421881676,2024
poste_01_1_4_5,1.5045730421881676,2024
poste_01_1_4_7,1.5045730421881676,2024
poste_01_1_5_1,1.6838776203417665,2024
poste_01_1_5_3,1.6838776203417665,2024
poste_01_1_5_4,1.6838776203417665,2024
poste_01_1_5_2,1.6838776203417665,2024
poste_01_1_5_5,1.6838776203417665,2024
poste_01_1_6_1,1.3008606265735456,2024
poste_01_1_6_2,1.3008606265735456,2024
poste_01_1_6_3,1.3008606265735456,2024
poste_01_1_6_4,1.3008606265735456,2024
poste_01_1_6_5,1.3008606265735456,2024
poste_01_1_6_6,1.3008606265735456,2024
poste_01_1_6_7,1.3008606265735456,2024
poste_01_1_6_8,1.3008606265735456,2024
poste_01_1_6_9,1.3008606265735456,2024
poste_01_1_7_1,1.5874909424812012,2024
poste_01_1_7_2,1.5874909424812012,2024
poste_01_1_7_3,1.5874909424812012,2024
poste_01_1_7_4,1.5874909424812012,2024
poste_01_1_7_5,1.5874909424812012,2024
poste_01_1_7_6,1.5874909424812012,2024
poste_01_1_7_7,1.5874909424812012,2024
poste_01_1_7_9,1.5874909424812012,2024
poste_01_1_7_8,1.5874909424812012,2024
poste_01_1_8_1,1.8956173174845403,2024
poste_01_1_8_6,1.8956173174845403,2024
poste_01_1_9_4,4.742054485077372,2024
poste_01_1_8_2,1.8956173174845403,2024
poste_01_1_8_4,1.8956173174845403,2024
poste_01_1_8_3,1.8956173174845403,2024
poste_01_1_8_5,1.8956173174845403,2024
poste_01_1_9_1,4.742054485077372,2024
poste_01_1_9_2,4.742054485077372,2024
poste_01_1_9_3,4.742054485077372,2024
poste_01_1_9_5,4.742054485077372,2024
poste_01_3_1_1,0.0,2024
poste_01_3_1_2,0.0,2024
poste_01_2_9_1,11.099721788199748,2024
poste_01_2_2_1,1.6913171757891183,2024
poste_01_2_3_1,1.217738538053316,2024
poste_01_2_5_1,1.4722927854805172,2024
poste_01_2_1_2,1.0300702968978417,2024
poste_01_2_6_1,2.314613878291547,2024
poste_01_2_1_1,1.0300702968978417,2024
poste_02_1_1_1,2.044879559687672,2024
poste_02_1_2_1,2.1606019535695533,2024
poste_02_1_9_1,0.21886481783920475,2024
poste_02_1_3_1,3.1214669941450253,2024
poste_02_3_1_1,2.1664833539789945,2024
poste_02_3_1_2,2.1664833539789945,2024
poste_02_3_1_3,2.1664833539789945,2024
poste_02_5_1_1,0.0,2024
poste_03_1_1_1,1.2285322358801902,2024
poste_03_1_2_1,1.2936139296223026,2024
poste_03_1_2_2,1.2936139296223026,2024
poste_03_1_2_3,1.2936139296223026,2024
poste_03_1_3_1,3.2714655773333723,2024
poste_03_1_4_1,1.1384440990879843,2024
poste_03_2_1_1,0.9204389206802408,2024
poste_03_2_1_2,0.9204389206802408,2024
poste_03_2_1_3,0.9204389206802408,2024
poste_03_2_2_1,2.1453082314287313,2024
poste_03_3_1_1,0.0,2024
poste_03_3_1_2,0.0,2024
poste_04_1_1_1,1.3123125823298827,2024
poste_04_1_2_1,0.5556973087868873,2024
poste_04_3_1_1,0.968828207157305,2024
poste_04_3_2_1,17.035791421290536,2024
poste_04_4_1_1,0.6991290112895197,2024
poste_04_4_2_1,554.6667274214491,2024
poste_04_4_4_1,0.39445403274186475,2024
poste_04_5_1_1,1.5652425895120312,2024
poste_04_5_2_1,1.4768591369856992,2024
poste_04_5_2_2,1.4768591369856992,2024
poste_04_5_3_1,0.9222158103792151,2024
poste_04_5_4_1,2.9159838296546474,2024
poste_04_5_5_1,172.62514776349826,2024
poste_04_5_5_2,172.62514776349826,2024
poste_04_6_1_1,0.0,2024
poste_05_1_1_0,1.5643850994444757,2024
poste_05_1_1_1,1.5643850994444757,2024
poste_05_1_1_2,1.5643850994444757,2024
poste_05_1_1_4,1.5643850994444757,2024
poste_05_1_1_3,1.5643850994444757,2024
poste_05_1_1_6,1.5643850994444757,2024
poste_05_1_1_5,1.5643850994444757,2024
poste_05_1_3_1,1.5643850994444757,2024
poste_05_1_2_1,1.5643850994444757,2024
poste_05_2_1_1,1.1701131794319435,2024
poste_05_2_1_2,1.1701131794319435,2024
poste_05_3_1_2,1.9340233452566227,2024
poste_05_3_1_3,1.9340233452566227,2024
poste_05_3_1_1,1.9340233452566227,2024
poste_05_3_1_5,1.9340233452566227,2024
poste_05_3_1_6,1.9340233452566227,2024
poste_05_3_1_7,1.9340233452566227,2024
poste_05_3_1_4,1.9340233452566227,2024
poste_05_3_2_1,3.4107176674686346,2024
poste_05_3_3_1,10.840337771033694,2024
poste_05_4_1_4,2.1908347192802493,2024
poste_05_4_1_1,2.1908347192802493,2024
poste_05_4_1_2,2.1908347192802493,2024
poste_05_4_1_3,2.1908347192802493,2024
poste_05_5_1_1,0.7850897820585088,2024
poste_05_5_1_2,0.7850897820585088,2024
poste_05_5_2_2,0.6491477867027777,2024
poste_05_5_2_1,0.6491477867027777,2024
poste_05_5_3_1,2.8557572449358117,2024
poste_05_5_3_2,2.8557572449358117,2024
poste_05_6_1_2,1.935370584627474,2024
poste_05_6_1_1,1.935370584627474,2024
poste_05_6_2_1,0.43509514680637473,2024
poste_05_6_2_2,0.43509514680637473,2024
poste_05_7_1_1,0.0,2024
poste_05_7_1_2,0.0,2024
poste_06_1_1_1,2.9591221862688877,2024
poste_06_1_1_2,2.9591221862688877,2024
poste_06_1_1_3,2.9591221862688877,2024
poste_06_2_1_1,4.0399620111771,2024
poste_06_2_2_1,4.0399620111771,2024
poste_06_2_3_1,4.0399620111771,2024
poste_06_2_3_2,4.0399620111771,2024
poste_06_2_3_3,4.0399620111771,2024
poste_06_3_1_1,8.910896979880564,2024
poste_06_4_1_1,17.062892641450034,2024
poste_06_4_1_2,17.062892641450034,2024
poste_07_1_1_1,0.7026781577429777,2024
poste_07_1_1_2,0.7026781577429777,2024
poste_07_1_2_1,1.625087338357636,2024
poste_07_1_3_1,2.034375330269506,2024
poste_07_1_4_1,0.0,2024
poste_07_2_1_1,9.145037475925763,2024
poste_07_2_2_1,1.796960056973041,2024
poste_07_2_3_1,0.8060864653296076,2024
poste_07_2_4_1,4.862673954555836,2024
poste_07_2_4_2,4.862673954555836,2024
poste_07_3_1_1,1.6808477243322546,2024
poste_07_3_2_1,4.559229814817585,2024
poste_07_3_3_1,3.482097640790009,2024
poste_07_3_5_1,0.8679763836178754,2024
poste_07_4_9_1,3.8754282640100195,2024
poste_07_3_4_1,0.9439886903222364,2024
poste_07_5_1_1,0.0,2024
poste_07_5_1_2,0.0,2024
poste_07_4_1_1,2.6971598737681526,2024
poste_08_1_2_1,2.982577667389988,2024
poste_08_3_1_1,2.2130348848056594,2024
poste_08_4_1_1,0.0,2024
poste_09_1_2_2,3.0627902775414975,2024
poste_09_1_2_1,3.0627902775414975,2024
poste_09_1_1_1,1.1573464858432383,2024
poste_09_1_1_2,1.1573464858432383,2024
poste_08_1_1_1,2.982577667389988,2024
poste_09_5_2_1,0.34664965456241265,2024
poste_09_4_1_1,1.122452641090915,2024
poste_09_2_2_1,2.313204575359395,2024
poste_09_5_1_1,0.6664173123425075,2024
poste_09_1_2_3,3.0627902775414975,2024
poste_09_4_2_1,1.696566923149993,2024
poste_09_2_1_1,2.6690362520366047,2024
poste_09_3_1_1,1.2777327856681535,2024
poste_09_2_2_2,2.313204575359395,2024
poste_09_3_2_2,1.7328606559520991,2024
poste_09_3_2_1,1.7328606559520991,2024
poste_09_4_2_2,1.696566923149993,2024
poste_09_6_1_1,3.1774033730503417,2024
poste_09_6_2_1,2.521341100686415,2024
poste_09_6_9_1,0.05567195452791071,2024
poste_09_6_3_1,3.0155907724156563,2024
poste_09_4_7_1,12.355739977300049,2024
poste_09_7_1_1,1.35435679773985,2024
poste_09_7_2_1,1.3192319083636916,2024
poste_09_7_3_1,1.9557252876522815,2024
poste_09_7_4_1,0.877130219736442,2024
poste_09_8_1_1,0.5433468047991205,2024
poste_09_9_1_1,0.0,2024
poste_09_9_1_2,0.0,2024
poste_10_1_1_1,1.0986020298525845,2024
poste_10_2_1_1,1.3596644648851983,2024
poste_10_4_1_1,1.2216716186636258,2024
poste_10_5_1_1,7.450851504374596,2024
poste_10_6_1_1,0.0,2024
poste_10_6_1_2,0.0,2024
poste_11_1_1_1,2.9986270127382317,2024
poste_11_1_1_2,2.9986270127382317,2024
poste_11_1_2_1,1.170707933385705,2024
poste_11_1_3_1,0.0,2024
poste_11_1_3_2,0.0,2024
poste_11_2_1_1,2.982793031081315,2024
poste_13_1_3_1,1.581844720900474,2024
poste_13_1_2_1,1.6320205652684,2024
poste_13_1_1_1,14.341765771226155,2024
poste_13_2_1_1,6.108026470619716,2024
poste_13_2_9_1,3.2187776696839445,2024
poste_13_2_9_2,3.2187776696839445,2024
poste_12_3_3_1,0.0,2024
poste_13_3_1_1,2.5704441374165627,2024
poste_12_1_1_1,34.389783891014154,2024
poste_12_1_3_1,0.7681139671755202,2024
poste_12_1_2_1,0.49151296662832455,2024
poste_12_1_4_1,0.54718106521175,2024
poste_12_1_9_1,0.7051409068736594,2024
poste_12_2_1_1,11.840374767764267,2024
poste_13_9_1_1,1.1358571392655217,2024
poste_13_9_1_2,1.1358571392655217,2024
poste_12_8_1_1,0.0,2024
poste_12_9_1_1,0.0,2024
